user_id;shipped
2109;True
1629;True
6652;False
4693;False
6110;False
3129;True
4770;True
2333;True
1008;False
2272;False
16;True
212;False
6079;True
5420;True
3253;True
1465;True
6135;True
3110;False
3574;False
1779;False
4445;True
5191;True
1604;True
1714;True
2433;True
1607;False
5623;True
6332;True
1138;True
1335;False
4394;False
2876;True
6357;False
3756;True
1890;False
1768;False
74;False
1917;True
86;False
6226;True
950;True
6490;False
4546;True
6998;False
5924;False
1170;True
3979;False
4275;True
6774;False
3652;False
343;True
6529;True
575;True
6764;True
6991;True
1416;False
435;True
737;True
1243;False
5235;False
4579;False
1722;False
2399;False
1946;False
6003;False
4452;False
5193;False
1839;False
3976;True
911;True
1246;True
3734;True
3668;True
1671;True
1901;False
5928;True
4689;True
6466;False
4165;True
926;False
4359;True
6077;True
3924;True
3735;True
3480;False
6335;True
5181;True
3625;True
4358;False
195;False
4132;False
451;False
2180;True
2015;False
520;False
2411;False
4819;True
5479;True
2610;True
4421;False
6288;False
1217;False
3859;True
539;False
218;False
3688;False
913;True
3592;False
1424;False
3955;False
4383;False
2223;True
2363;True
774;True
985;False
3038;True
822;True
6185;False
352;True
865;False
319;False
4950;False
6944;True
823;False
2279;False
6823;True
125;False
5574;False
4160;False
3083;False
2272;False
2724;False
2337;False
2426;False
5355;True
1861;True
5575;True
6184;True
5360;False
5774;False
3497;False
1132;True
4005;True
4061;True
2071;True
3870;True
5287;False
4617;False
6006;False
1284;True
4648;False
6381;False
3149;True
3474;True
3706;False
4001;True
4352;False
2148;False
5511;False
6138;True
4413;False
170;True
2557;False
3777;True
4772;True
1362;True
2187;True
2845;False
523;True
6854;True
1700;False
6285;True
2593;False
3198;False
6221;True
4902;True
2580;False
498;False
4054;False
5740;True
3732;True
4791;False
5594;True
553;True
6616;False
5276;False
4963;False
5098;False
3128;True
6394;True
6587;False
4044;False
478;True
2553;True
6953;True
2785;False
4399;False
1045;True
6558;True
123;True
2994;True
5459;True
3014;True
4458;False
4803;True
4350;True
3440;False
4891;True
3674;True
5561;True
150;True
6674;False
6525;False
2436;False
2044;True
1395;False
3514;False
988;True
6768;False
6631;True
2726;False
421;True
486;True
3133;True
693;True
3321;True
2997;False
5103;True
6230;False
4100;False
3172;False
1166;True
4071;False
6465;False
4020;True
976;False
387;True
6223;False
1985;True
2560;False
6876;True
2628;False
4126;False
206;False
5227;False
6213;False
2207;False
1509;True
322;True
6659;True
5195;False
2242;False
4948;True
4286;False
2901;True
3302;True
4697;True
1035;True
2905;True
4885;False
1049;False
2507;False
2917;False
2344;True
4045;True
6770;True
2741;False
5246;True
2859;True
1601;False
655;True
6789;True
3341;False
3078;True
58;True
4711;True
321;False
780;True
6779;False
2893;True
5801;True
1273;True
1685;True
5709;True
4833;False
4136;True
4477;False
190;False
206;False
2225;True
715;False
6139;True
2299;True
65;False
598;False
626;False
5954;True
1251;True
3309;True
3104;True
2900;False
4998;True
2519;True
5912;True
5760;False
3392;False
4743;False
4300;False
5581;False
2071;True
4453;True
4998;True
2586;True
6835;False
4531;False
13;False
3849;False
2004;True
5378;True
2518;True
2271;True
6299;False
1811;False
3770;True
114;False
2072;True
520;False
1208;False
911;False
6155;True
3673;True
6399;True
1150;False
6250;True
6044;False
6294;False
1488;False
3296;False
5913;True
1353;True
6797;True
6058;True
3164;False
3001;False
3670;True
1202;False
6849;False
3461;True
4688;True
4572;True
4246;False
5822;False
898;False
6973;False
6986;False
4667;True
2274;True
1828;True
3174;False
5445;True
4667;True
3533;False
4443;True
3189;False
3324;False
1062;False
3694;False
1505;False
1125;True
4113;False
6070;True
4443;True
74;True
5907;False
5644;True
1469;True
5874;True
6792;True
3858;False
5299;True
1959;False
6790;False
1145;False
5977;True
1575;False
3085;True
2494;False
4396;True
6743;True
2311;False
2009;False
4645;True
2218;False
2625;True
1858;True
3676;True
5077;False
3838;False
5005;False
283;True
4272;True
3244;True
4265;False
6469;False
3726;False
810;True
5405;False
5525;True
5207;True
6239;False
2834;False
3617;True
6586;False
2274;False
5892;False
5383;True
4040;True
2268;True
6274;False
584;False
3201;True
314;True
3853;True
756;True
2998;False
2885;True
6753;True
267;True
5799;False
5455;False
2822;False
5699;False
4338;False
451;True
811;True
852;False
6545;False
3642;False
6454;True
6323;False
5227;True
1916;False
790;True
5172;True
5081;True
1904;False
3477;True
6998;False
2420;False
3900;False
5979;True
609;True
6104;True
5566;True
4357;False
2384;True
2557;True
4459;False
1440;True
4722;True
487;True
15;True
4339;True
5941;True
3626;False
4487;True
6710;True
1320;False
6275;False
1303;True
6940;True
5136;True
5118;True
1594;True
3313;True
4384;True
3707;True
3573;True
6414;False
4973;False
4203;False
5517;True
4150;False
2472;False
3112;True
1432;False
6667;False
3952;False
5992;True
3541;False
4005;True
2871;True
2315;True
2957;False
2899;False
5865;False
6037;False
4760;True
6576;True
1714;True
6075;False
5360;True
5055;True
6335;False
2737;True
742;False
3066;False
2870;False
5626;False
3530;False
2940;True
6294;True
1711;False
5978;False
549;False
1178;False
2549;False
348;False
36;True
2409;False
1084;False
2596;False
6641;False
2737;False
2466;False
6597;False
3755;True
5153;True
1428;False
3423;True
2742;False
1993;True
2325;False
3276;True
3532;True
1904;False
5311;False
147;False
893;True
2726;False
2888;True
5066;True
5325;False
1289;True
1257;True
2059;False
4484;True
4481;False
5373;True
6170;True
5551;False
6299;False
905;False
3406;False
2533;False
3203;True
4725;False
1744;False
1476;True
2207;False
4355;False
922;False
699;True
1641;False
2556;False
1774;True
1903;False
3641;True
2407;False
4105;True
1034;True
5727;True
1093;False
235;True
2720;True
1009;True
421;True
644;False
2186;False
2078;False
3652;False
3011;False
3614;True
4687;False
5625;False
2602;True
5601;False
6305;True
5208;True
647;False
4206;True
4708;False
1448;False
5834;True
5225;False
3609;True
2337;True
1638;False
1980;True
5729;True
2199;True
3343;True
6474;False
4921;False
4387;True
6012;False
718;True
1877;False
3447;True
536;False
1661;True
6403;False
5659;False
1669;True
2866;True
6726;True
2228;False
4691;True
6496;True
128;False
6122;True
1091;True
994;True
5466;True
5055;True
610;True
5718;True
4810;True
3733;True
4063;True
917;True
4937;True
1262;True
5940;True
4320;False
4721;False
5811;False
6992;False
4458;False
852;True
5993;True
48;True
2556;False
6233;False
316;True
5738;False
4680;False
2972;True
2619;False
4212;True
6380;True
3461;False
4800;False
5630;True
73;True
2308;True
708;True
1443;False
5116;False
4425;True
2518;False
3002;True
4792;False
2992;True
918;True
945;True
3140;False
3525;False
5915;False
3535;True
1024;True
3526;False
114;True
2165;False
6048;False
6467;False
5545;False
3568;False
6939;True
4908;False
3253;True
331;True
3967;True
712;False
896;True
1050;False
1817;False
4857;False
485;False
2954;False
1470;True
3968;True
405;False
2634;False
4618;False
4386;True
6558;False
2016;False
686;True
1572;True
715;False
6019;True
2999;True
3435;False
3824;True
1253;True
1287;False
6631;True
4445;False
810;True
664;False
3078;False
6188;True
6581;False
2672;False
5878;True
3348;True
3536;False
5350;False
1092;True
963;False
5709;False
452;False
272;True
1405;True
5186;False
1364;False
3228;False
4986;False
5530;True
4287;False
1165;True
7002;False
6436;True
4981;True
2628;True
1470;True
608;True
6822;True
5632;True
2908;True
4040;False
1603;False
4100;True
944;True
3629;False
3755;False
2639;False
2689;True
6050;True
755;False
1181;True
248;False
3430;False
1185;False
4969;False
320;True
2534;True
5898;True
1867;True
5842;True
5359;True
4443;False
277;True
4475;True
6252;False
1792;False
4795;True
3857;True
1602;True
1939;True
6615;True
2937;True
5713;False
1739;True
3125;False
6781;True
6552;True
4658;True
6454;True
2671;True
4366;True
1643;False
5756;False
6273;False
5246;True
4798;False
3194;True
3567;False
3201;False
1208;True
3063;False
4844;False
3738;False
1569;False
2795;False
600;True
11;True
4901;True
2257;True
3450;False
4835;False
5783;True
1578;False
5219;False
4736;False
5815;False
4297;True
2396;False
4040;False
70;False
422;False
4130;True
432;True
663;True
3006;False
6174;True
5936;False
495;False
1429;False
3585;True
3967;True
195;False
4556;False
685;True
6783;False
5989;False
5721;False
4754;True
2511;False
241;True
6144;True
4549;False
521;True
4971;False
6835;False
486;True
6071;False
6063;False
152;False
1828;True
6528;True
5906;False
4181;True
32;True
6252;False
3663;False
214;False
1315;False
394;True
3567;True
4717;False
6981;False
430;True
4947;False
5903;False
2209;True
5667;True
3682;False
5781;False
1716;True
2360;False
5917;False
2078;True
2585;False
5932;True
1567;True
1140;True
5183;False
2410;True
3778;True
1141;True
4816;True
2517;False
4895;False
6451;True
2848;False
6151;True
4899;True
5471;False
5954;True
2831;False
4201;True
1638;False
2159;False
2411;False
787;True
5562;True
4261;False
1826;False
4009;False
2483;False
1532;False
5832;False
5830;True
1917;True
1937;False
849;False
1003;True
5812;True
6438;True
4770;False
1655;True
6693;False
3551;False
1750;False
2357;True
4663;True
1160;True
5542;False
988;False
3539;False
6544;True
115;True
426;True
173;False
718;False
1605;True
4647;True
4350;True
5597;True
1424;False
3135;False
6681;False
3768;False
5099;True
6011;False
3825;False
2687;False
1499;True
1448;False
4806;False
1523;False
5040;True
5328;True
3448;True
4495;False
3414;False
543;True
2812;False
3186;True
1618;False
197;False
3930;False
3742;False
284;True
2400;False
5852;False
3193;False
3783;True
734;False
4809;True
5809;True
93;False
4790;True
6414;True
4827;True
273;True
5703;True
6521;False
5171;False
5227;False
1862;True
6938;False
3359;False
3630;False
4005;True
2864;False
4382;False
3388;True
5652;True
1829;False
5452;True
3875;False
6557;True
2870;True
92;False
4522;False
4669;True
2086;False
4063;True
6073;False
6974;True
5603;False
6873;False
4527;False
3553;False
2864;True
435;False
2662;True
1656;False
1939;False
6345;True
6393;False
4531;True
260;False
6702;False
2216;False
4452;False
1347;False
6449;True
1721;False
1688;False
4738;False
6861;False
6289;True
6868;False
6558;True
3598;False
2263;False
676;False
6495;True
3899;False
853;True
5526;True
1943;False
6462;False
5577;True
6136;False
4902;False
6230;False
1024;False
1981;False
1697;False
533;True
255;True
2342;False
2453;True
745;False
516;True
3433;False
4711;False
2454;False
6141;True
5850;True
525;False
1845;True
5861;False
5096;False
607;False
1081;False
6628;True
4689;True
3889;False
5054;False
4057;True
2947;True
5544;False
4130;False
34;False
5403;False
921;False
1439;False
6066;True
3261;False
5878;False
893;False
5858;True
6688;False
1209;False
5034;False
4446;False
2016;False
5577;True
5228;False
3075;True
4561;False
383;False
3956;True
3348;True
3446;False
3485;True
3146;False
4413;False
1232;False
361;True
1875;False
2884;True
977;False
5920;False
6096;True
4487;False
117;True
1049;False
1117;False
2502;True
4287;True
4777;True
4634;False
5181;False
6552;False
5124;False
1660;False
6541;False
6659;True
882;True
3709;True
2872;False
4301;False
2720;False
385;False
1521;False
4970;True
857;False
2767;True
1155;False
3;True
5296;False
3916;False
2242;False
3136;False
5305;True
4075;False
352;False
1781;True
5657;False
1780;False
4972;False
871;True
3592;False
6537;False
1837;False
3414;True
5330;True
195;False
4861;True
2089;False
2313;False
2390;True
1076;True
991;True
6047;False
233;False
106;False
398;True
2718;False
1996;True
5881;False
3879;False
4623;True
4006;False
5072;False
1414;True
3042;False
1126;True
1760;True
5747;True
5419;True
4700;False
5108;False
3573;False
6812;True
2427;True
4266;True
1014;False
1787;True
2678;False
2259;True
4300;True
3287;False
4329;True
6309;True
4060;False
2706;False
3807;False
6429;True
2630;True
2470;False
6278;False
2892;False
5282;False
3050;False
268;False
4433;False
5721;False
1172;True
1227;True
6176;False
5241;True
5638;True
3152;False
6075;False
5016;False
6622;False
43;False
5087;False
2909;False
5899;False
4733;False
1380;False
978;False
2963;True
800;False
5593;True
5573;True
5727;True
6250;True
5254;False
5674;False
6016;True
5767;True
6241;False
3577;True
4101;False
3161;False
3627;False
2419;True
5435;False
6999;True
4559;True
4552;True
2999;False
4157;True
5351;False
6975;True
4965;True
4204;True
2505;False
6215;False
6148;True
5514;False
849;False
5571;False
2387;False
3687;True
2269;False
4900;False
402;False
2429;False
2731;False
193;False
4114;False
5774;True
6880;True
2258;False
4736;False
2827;True
5828;True
6828;True
6794;True
3976;True
3581;False
5807;True
1183;False
646;True
2110;True
821;False
458;True
2109;False
1491;True
4678;False
5002;False
3271;False
4662;True
5500;False
2853;False
2290;False
4170;True
2165;False
6516;False
375;True
4308;True
6867;False
6369;False
5055;False
2024;True
22;False
6265;True
2638;True
2167;True
2837;True
6175;True
4070;False
5072;False
6596;True
5903;False
924;False
1447;False
6993;False
4093;True
6418;True
966;False
2550;False
2217;True
6125;True
6987;True
3569;False
397;True
2307;True
6960;True
228;True
2715;True
6157;True
6982;True
6138;True
6338;True
6509;True
1834;True
2011;True
1545;True
5168;False
2861;True
1931;False
1307;False
3743;False
2147;True
35;False
4174;False
6864;False
2009;True
2210;False
5155;False
3918;False
5093;False
2114;False
3891;False
2889;False
6192;True
593;True
4378;True
4855;True
3667;True
2912;True
4972;True
1835;False
5273;False
1075;True
2900;False
5980;False
647;True
2661;False
6352;True
3648;True
861;True
3984;True
6316;False
2371;True
5470;True
2299;False
1545;False
2184;False
668;False
5035;False
5832;False
437;False
2952;True
4839;True
6423;False
5089;True
3778;True
5071;False
3220;False
436;False
3650;True
2518;True
2534;True
1961;True
1650;True
1000;True
4030;False
3587;True
5577;True
650;True
6707;False
6148;True
1972;False
650;True
6257;False
738;True
2222;True
175;True
6377;False
4763;True
3104;True
2672;False
6800;False
6534;False
4603;True
5517;True
3727;False
1950;True
4222;False
1026;False
6851;True
3115;True
3301;True
3710;True
5893;False
1266;True
312;True
1696;True
6026;True
3175;True
775;True
2664;False
3663;True
4911;False
6417;True
5368;True
437;True
4131;False
2595;False
862;True
4024;False
340;True
3894;True
5036;True
3458;False
2022;True
562;True
4664;True
6251;True
619;True
3465;True
6599;False
79;False
4688;False
3637;False
4507;True
2227;False
2247;False
4143;True
3377;False
6728;False
3383;True
1831;True
4553;False
4710;True
4813;False
6863;True
1842;True
2693;True
1667;True
814;True
4629;False
5359;True
4134;False
1677;True
6180;True
1845;False
5099;True
5984;False
4889;True
4928;False
4610;False
2974;True
4974;True
3125;False
4196;False
1826;True
6223;True
3057;True
1559;True
1121;False
6526;True
4868;False
3442;False
3259;True
1911;False
5163;True
5965;False
5859;True
619;True
6635;False
1245;False
3547;True
3437;True
631;True
1224;False
4912;True
4995;False
1881;True
2510;False
2026;False
4184;True
602;False
3706;False
103;True
2100;True
6722;False
5325;True
4019;True
5123;True
14;True
4131;True
826;False
168;False
6336;False
5858;True
903;True
6270;True
5434;True
5002;False
917;True
4462;True
5363;False
4075;False
2199;False
3142;False
5312;True
4275;True
5607;False
1462;False
2032;True
777;True
2327;True
187;True
6605;True
246;False
6567;True
595;True
4491;False
4040;True
245;False
2494;False
6564;True
6282;True
5333;False
1777;True
2081;True
6382;False
4582;False
3965;True
3400;True
1752;False
763;True
5733;True
2406;True
5636;False
1815;True
886;True
1881;False
5771;True
4471;True
3828;True
6322;True
4429;True
6318;True
7010;True
6982;False
4397;True
915;False
5769;True
4470;False
3694;True
2907;False
507;False
2801;False
1082;True
5115;False
4515;False
4051;True
4892;True
4258;True
3376;False
6097;False
5667;False
2209;True
6485;False
5505;False
4170;True
5522;False
4742;True
6442;True
5756;True
1985;True
4026;True
4127;False
2849;False
4144;True
4881;True
4536;True
574;False
2016;True
1842;True
3951;True
30;False
5610;False
1558;False
6367;True
3512;False
945;True
1248;False
884;False
399;False
3568;False
6008;True
6814;True
1850;True
4206;False
389;True
6934;False
3099;True
1424;False
6913;True
1261;False
6300;True
4206;False
2642;False
1749;True
3694;False
6626;False
3046;True
4842;False
2044;False
1431;False
5771;True
842;False
5148;True
2175;True
2970;False
2952;False
5193;False
6423;True
5656;True
1917;True
2564;False
4629;True
2496;False
5490;True
3955;True
4696;True
4520;True
4597;True
6843;True
5798;False
5925;False
5497;False
6720;True
5986;False
4029;False
5012;True
1630;False
3438;True
6279;True
1164;True
4556;True
6126;False
5763;False
1826;True
6887;False
1880;True
6601;True
845;True
4837;False
2599;True
4125;True
3607;False
1771;False
2323;False
1958;True
1551;False
2891;False
4214;False
3233;True
141;False
2699;True
1797;False
600;True
4450;False
2855;False
4003;True
76;False
2613;True
6082;True
3535;False
163;True
376;False
1796;False
2515;True
73;True
1365;False
5363;True
4436;False
909;True
497;True
556;True
6181;False
4289;True
1484;True
1468;False
5524;True
6318;True
3472;False
3728;False
1241;False
5940;False
1090;False
1075;True
6913;False
3373;False
4670;False
1330;True
302;True
5868;False
3446;False
4140;False
1086;True
337;False
2649;False
3466;True
795;False
2165;False
6785;True
3530;True
171;True
6290;True
4712;False
6204;True
1016;True
3299;True
3921;True
5988;True
954;True
5972;False
6521;True
347;False
657;True
5688;True
1057;True
2430;False
5194;True
5869;False
1349;False
4813;True
5910;False
3624;True
2960;True
2464;True
1626;False
533;True
2634;True
5627;True
1570;True
4781;False
5459;False
4245;True
1229;False
2842;False
4070;True
3376;True
6153;False
3620;False
6301;False
5425;True
4403;True
3524;False
1636;True
2891;False
5785;False
4420;True
1874;False
3778;True
2028;False
4468;False
5791;True
1220;False
3736;False
5254;False
1684;False
4912;False
5359;True
608;False
3889;True
1515;False
2527;False
1646;False
6304;True
5162;True
6051;False
2047;True
6018;True
3082;False
4953;True
1452;False
4313;True
4148;False
5247;True
1485;True
3583;True
2578;False
1541;True
1696;False
755;False
6027;False
2407;True
988;True
1809;False
4027;False
4407;False
6295;False
1660;True
1586;True
5219;False
3333;True
2282;False
4767;True
1966;False
6012;False
113;True
2925;False
2326;True
4664;True
6281;False
5280;False
4340;False
1140;True
2147;False
4956;False
3584;False
1919;False
2332;True
5739;True
3678;True
5178;True
3083;True
2695;True
5954;True
5966;True
6683;True
2203;True
31;True
2546;False
219;True
1847;False
6764;False
1916;False
4327;True
2096;False
2706;False
479;True
6597;True
6303;False
3835;True
5315;False
3028;True
2818;False
6868;False
4280;False
3284;True
3050;True
3819;False
2447;False
3250;False
6557;False
1612;True
3778;False
2235;False
5558;False
1548;True
4447;True
4115;False
2076;True
2735;True
4540;False
85;False
880;False
2799;False
2864;True
5073;True
4367;False
1936;True
323;True
1490;True
3623;False
1950;True
4363;False
3486;True
1235;False
4264;True
1469;False
5551;False
2338;True
5574;True
4410;True
4812;False
4024;True
4475;False
3378;False
5616;True
86;True
6603;True
4074;False
1204;True
4044;True
6859;True
3194;False
879;False
5875;True
86;False
3337;False
4462;True
3192;False
130;True
5589;False
5832;False
3880;False
2835;False
5892;True
4991;False
6877;True
1831;True
6974;False
4557;True
2903;True
834;True
3637;True
2148;False
5532;True
2567;False
2065;False
6482;True
5946;True
6342;True
5634;False
6770;True
1302;True
4535;False
726;False
1169;True
6928;False
5569;False
6312;False
5427;True
6451;False
4324;False
6281;False
3829;False
971;True
4958;False
5859;True
935;True
6793;True
4657;False
6991;False
6707;False
6328;True
2725;False
5015;False
6659;True
4517;False
5607;False
2919;True
1448;False
3960;True
2475;False
3851;True
3903;True
4745;True
4959;False
1193;False
6398;True
4996;False
3887;False
997;False
1711;False
540;False
1471;False
425;False
6779;False
3624;False
5634;True
2151;False
4181;False
4818;False
3819;True
1074;True
5199;True
5760;False
4619;False
647;True
6415;True
5192;False
6181;True
5714;True
29;True
1881;True
4433;True
6867;True
2368;False
5697;False
3841;False
225;True
6601;False
3098;True
4472;False
1226;True
5186;True
1215;True
2701;True
5144;True
5018;True
4980;False
4901;False
3076;False
4168;True
1387;False
3557;True
3874;True
404;False
5892;True
2142;True
2374;False
2416;True
2358;False
2878;True
6742;True
337;True
6704;True
244;True
4723;False
6553;False
6708;True
2268;True
1319;True
6115;True
3814;False
6988;False
253;False
3814;False
5540;True
948;False
6792;False
4978;True
1864;False
1757;False
5508;False
4510;True
2808;False
915;True
346;True
4346;False
855;True
3019;False
2033;False
5384;True
3165;True
3085;True
4406;False
5987;True
1211;False
573;True
6730;True
1147;False
4279;True
4725;True
6821;True
209;False
1439;False
1049;False
6566;False
6262;True
3649;True
956;True
6867;True
6101;False
2971;True
4552;True
1220;False
6020;False
1385;True
2852;True
2359;False
1424;False
5208;True
5593;True
1137;True
3516;True
3451;False
1185;True
1927;False
3624;False
542;True
6757;False
2506;False
3531;False
6681;True
310;False
6872;True
4605;True
3020;True
3031;True
1374;False
2789;False
102;True
5200;False
2838;False
178;True
4955;True
1094;False
2115;False
4712;False
2080;False
1456;False
643;True
5754;False
3730;True
1098;True
4468;True
1140;False
3113;False
6925;True
1953;False
3738;True
4989;True
3117;False
2725;False
345;False
3230;True
5313;True
1931;False
646;False
4532;False
5890;False
5769;False
3117;False
3294;False
6946;True
6614;False
2758;True
4035;True
4608;False
1333;True
5478;False
951;False
4843;False
4844;False
1189;False
965;True
6729;False
5876;False
1995;False
6660;True
3905;False
1653;True
5760;False
6854;True
252;True
77;True
4983;True
4390;False
3046;True
3444;False
1146;True
2972;False
5313;False
3906;False
1431;False
2546;True
6144;False
4926;False
3950;False
5414;False
1699;False
3671;True
1100;False
3188;True
2784;False
3833;True
5971;True
2098;True
5265;True
6735;True
5412;True
3158;False
3041;False
6592;True
3678;True
3873;False
2112;False
4491;True
2592;True
3315;False
5262;False
5622;False
399;False
4653;True
808;True
1288;False
446;True
2881;True
465;False
4874;True
4122;True
4896;False
1090;False
5536;True
2234;True
91;True
2976;False
5552;True
5642;True
764;True
641;False
3692;True
3423;True
136;True
4698;True
4002;False
977;True
1754;False
4103;False
3202;False
197;True
6287;True
433;False
1741;True
1639;False
3285;False
6761;False
3529;False
288;True
1448;True
5903;True
435;False
4795;True
5757;True
6760;True
181;False
5351;True
3969;True
4423;False
6495;False
5873;True
4321;False
2173;False
694;False
899;True
1138;False
1217;True
1970;False
5215;False
704;False
6319;False
5275;True
6478;True
4272;True
2073;False
4265;True
1201;False
4571;False
3886;False
239;False
4866;True
3914;False
1341;True
3311;True
2562;True
3764;False
382;True
3234;True
4016;False
3097;True
3106;False
804;False
3929;True
4378;True
590;False
611;False
3536;True
6013;True
1802;True
1557;False
6014;False
3052;True
6830;False
5732;True
1892;False
3678;False
4850;False
4861;True
1333;True
1799;False
4090;True
4745;False
5178;False
1187;False
6296;True
3294;False
2560;False
3344;False
4797;False
3020;False
1009;True
6549;False
2596;False
6556;True
3545;False
3476;False
6659;False
3511;False
1922;False
2587;False
6306;False
2854;True
3175;True
787;False
1025;False
1087;False
4128;False
4744;False
4124;True
2632;False
3677;False
1857;True
3979;False
1743;True
6838;True
621;True
3969;True
4182;False
5329;False
3968;False
3952;False
5630;False
6779;True
12;True
1764;False
1929;False
6638;True
4685;False
4898;False
5565;True
5929;True
3141;False
788;True
6800;True
5063;False
6598;True
4556;False
1631;True
4977;True
6109;False
5421;False
552;False
5576;False
3409;True
2942;True
517;False
6906;False
6950;False
2004;False
6152;True
3857;False
3338;True
3068;False
713;True
640;False
1801;True
2937;True
2515;True
6704;False
476;False
5478;False
4045;False
1407;True
4413;True
5327;False
214;True
1556;False
3340;False
5549;False
6934;False
5688;True
268;False
3269;True
6588;True
2812;True
5633;True
4;True
6398;True
3054;True
502;True
4627;True
4200;False
4109;True
651;False
5635;False
1240;False
553;True
5714;False
6212;True
4680;False
5399;True
2019;True
3094;False
5646;False
761;False
2563;True
4961;False
3590;False
3653;False
6307;False
5751;True
39;True
2776;True
4729;True
3954;True
5321;True
5079;False
3983;False
2466;False
1606;False
449;False
1465;True
5049;False
5180;True
3231;False
6828;True
2087;False
4743;False
3529;True
1940;True
1485;False
88;False
6369;True
210;True
6850;True
4510;False
1308;False
100;True
1905;True
121;False
80;True
1825;True
38;False
4008;False
2239;True
865;True
2569;False
2581;False
2253;False
5613;False
3938;True
3998;True
1073;True
4419;True
5997;True
1049;True
2984;False
3922;True
4393;False
17;False
4493;False
6620;True
3329;False
3519;False
4014;False
87;False
3158;False
5122;True
3637;False
6200;False
4004;True
4379;False
1001;True
1652;False
5536;True
1916;False
1582;True
6190;False
2964;True
6766;False
5895;False
1635;False
3745;False
5510;True
5432;True
2721;True
6973;False
4625;True
650;False
294;False
4773;False
5254;False
1312;False
4064;True
5736;False
4294;True
6232;False
6303;False
1036;True
5330;True
163;False
1231;False
6027;False
2170;True
5116;True
5698;True
487;True
4062;False
5975;True
4973;False
5727;False
5990;False
6026;False
4840;True
1625;True
1419;True
1999;False
5841;False
961;True
5983;False
5156;True
4234;True
6076;False
4188;False
4407;True
5946;True
2861;False
1857;True
4911;True
5905;False
3661;True
2200;False
3517;False
2701;False
199;True
4173;False
2691;False
5377;False
6702;True
2739;False
4920;True
6257;True
4957;False
1814;True
704;True
3212;True
1692;True
99;True
6963;False
3760;False
6679;False
1305;True
2050;False
537;True
2642;False
6928;False
5281;True
3364;True
126;False
4242;False
15;False
3128;True
4571;True
1972;False
3959;True
3069;False
3838;True
796;False
1189;True
3902;False
1489;False
2331;True
6617;True
480;False
6424;True
1441;False
3033;False
2997;True
4999;False
6300;False
153;True
5616;False
16;True
5272;False
424;True
2524;True
2670;True
2877;True
6176;False
1328;True
6232;False
3050;True
2069;False
5614;True
2857;False
3189;True
1462;False
4103;False
5255;True
562;True
4566;False
1362;True
1235;True
923;True
1501;True
3191;False
5012;True
4462;False
1733;True
5650;True
5372;True
1348;False
2290;True
3049;True
2797;False
6860;True
3523;True
3051;True
4284;True
3456;True
5397;True
2540;True
820;True
1653;False
3351;False
4750;True
843;True
552;False
6793;False
6326;False
4457;False
3735;True
5822;False
1329;True
5633;False
2249;False
2008;False
6372;False
4017;False
5450;False
3224;False
565;True
1945;False
3294;False
118;True
6402;True
1735;True
4856;False
4154;False
379;False
187;False
5006;False
2411;True
2114;False
4636;False
1510;True
988;False
6179;True
450;True
3050;False
2893;True
4821;False
4410;True
2542;False
5736;True
5577;True
5897;False
2436;True
670;True
6679;True
6892;True
5814;True
1615;True
5232;True
5523;False
3400;True
528;False
2497;False
788;True
4880;False
5175;False
6403;True
2318;True
3695;False
3031;True
638;False
5820;False
6378;False
2459;True
1815;False
5245;False
6486;True
376;False
798;False
5006;True
667;True
2071;False
3308;False
1510;True
3840;True
5893;False
2117;True
4299;True
4686;False
3123;False
2647;True
7012;False
102;False
5537;True
995;False
4267;False
2357;True
5002;True
64;True
6015;False
3712;True
3446;True
5791;False
3226;True
2295;False
916;False
6973;True
6837;True
3016;True
6708;True
151;True
2178;False
2041;True
5782;True
6576;True
6862;True
819;True
674;False
3015;False
1332;False
5397;False
5871;True
6647;True
5734;True
4610;True
947;False
4563;True
26;False
774;True
141;False
4314;False
2349;False
5105;False
5412;False
5962;True
871;True
4244;True
4598;True
344;False
3579;True
3269;False
1112;True
828;True
2899;False
4319;True
5576;True
1957;True
6344;True
907;False
5289;False
5357;False
3280;True
1373;False
3595;True
6285;False
1869;False
2009;False
1661;True
4567;False
4198;True
2794;True
1394;False
2510;True
169;True
4496;False
1939;False
3072;False
4826;True
6749;True
14;False
2583;True
6518;False
5081;True
562;True
2136;True
3629;True
3345;False
1158;True
2649;False
4986;False
1615;False
1989;True
1342;False
1142;True
3959;True
3314;True
6606;True
1255;False
1877;False
399;True
4976;True
2104;True
3605;True
1513;False
224;True
3344;False
545;False
3914;False
633;True
3667;True
3504;False
2199;True
4375;False
3088;False
2231;False
3022;True
6499;True
2541;True
241;True
1127;False
2463;False
60;False
5917;False
2;True
1349;False
6983;False
6458;True
1640;True
612;False
1163;False
2002;True
5753;True
6920;False
3062;True
3907;True
362;False
6955;False
5864;False
2569;True
1050;False
3585;False
3203;True
5537;False
1424;False
5383;False
2968;True
4255;False
1093;False
277;False
3029;True
5479;False
3458;True
2588;True
4476;True
6084;True
4769;True
2938;True
2219;True
6988;True
1104;True
5584;True
3877;False
6122;True
4435;True
6735;False
1227;True
2663;True
4004;False
6758;True
4214;False
1162;False
2012;True
526;False
1636;True
1910;True
6226;True
3606;False
2415;False
1589;True
6550;True
3658;False
457;False
4436;True
1450;True
2138;False
2564;True
6253;True
4595;False
1744;False
4152;False
6800;False
3805;True
6016;True
3888;False
2248;False
5529;False
1905;False
6943;False
6029;False
862;False
1762;True
5054;False
4788;True
5910;True
2626;False
1000;True
2203;True
780;False
517;True
5824;False
5693;True
5256;True
5837;True
4773;True
5550;False
5294;True
4124;False
3054;True
3994;True
5908;False
3304;False
5113;True
2744;False
1480;False
4590;False
3403;True
1666;False
2240;True
3207;True
5354;False
671;False
2738;True
3823;False
2646;True
3006;False
6154;False
6655;False
2920;True
5388;True
3472;False
4871;False
4777;False
4613;False
3873;True
2271;True
2440;False
3236;False
6474;True
1407;False
2303;True
2102;True
1043;False
4659;False
6920;True
2296;True
6525;False
5695;False
5373;False
1826;False
6531;False
4410;False
702;True
535;False
6494;True
5904;False
3840;True
1302;False
5322;False
4204;False
3695;True
1699;True
4632;True
5833;True
6623;False
2122;False
6163;True
3448;False
2363;False
3970;False
2206;False
6265;False
6286;True
1264;True
2845;True
5225;True
277;True
2309;True
1852;True
4894;False
731;False
4469;True
5150;False
3353;False
1619;False
2295;False
593;True
2506;False
3350;False
4180;True
4595;True
5459;True
473;True
2585;True
6542;False
1421;False
3631;True
6735;True
3703;True
5990;True
5595;True
1991;True
4925;False
6580;False
1679;False
5102;False
2834;False
1141;True
2531;False
967;False
2473;True
5115;False
1166;False
5305;False
1035;True
1192;False
953;False
1725;True
3092;False
2644;True
2155;False
1480;False
4086;True
4779;False
5046;True
4788;False
3843;False
5120;False
5642;False
5895;False
6548;True
2136;True
842;False
2924;False
2832;True
3863;False
445;True
6031;True
1855;False
2801;False
4982;True
3436;True
2392;True
4683;True
985;False
4849;False
3326;True
1021;True
2081;False
3534;True
1680;False
3615;True
5686;True
159;False
3401;False
5411;True
4396;True
553;False
5558;True
3229;False
1338;True
3696;False
2583;True
1470;True
54;True
3432;False
4399;False
2424;False
6692;False
4547;False
751;True
3643;True
5883;True
1474;True
4760;False
5779;False
4215;False
6481;True
1769;True
553;True
2975;False
3954;True
2705;True
6113;True
4732;True
4756;True
6726;True
2456;True
6307;True
5442;False
4660;True
5891;True
4357;False
2622;True
1883;True
175;True
1702;False
1429;True
2667;False
5010;True
2779;False
2860;False
6340;False
2512;False
6777;False
4850;True
2869;False
6343;True
1670;False
6544;True
6381;True
1120;True
4341;False
1659;False
2729;False
4076;True
6821;True
1467;False
4495;False
5349;False
4879;False
6583;False
295;False
907;False
4685;True
2359;True
5613;True
1635;True
3770;False
4887;False
5686;True
5712;False
6804;False
1916;False
2751;False
2816;False
2793;False
5582;True
656;False
5886;True
130;True
3447;True
6331;True
185;True
3137;True
4668;False
5848;False
4723;True
5815;False
1167;False
306;False
4114;True
5096;False
6774;True
5572;True
4757;False
2776;True
3989;False
5495;True
2826;True
987;True
2528;True
6678;False
6107;False
6705;True
3838;False
3277;True
1385;False
5669;False
880;False
4420;False
3474;True
4280;False
6953;True
4014;False
3902;False
2944;False
342;True
6696;True
1033;True
1290;True
3846;True
2281;False
5771;False
3583;False
3207;False
3621;False
5026;False
5960;False
6885;False
2979;True
4486;False
6869;True
706;True
123;False
5461;True
4373;True
612;True
5139;True
413;True
6823;True
5669;False
1805;True
5595;True
643;False
6828;True
4628;True
2659;True
932;True
5122;True
5400;True
4416;True
7000;True
2422;False
2017;False
2655;False
3794;True
5482;True
2688;True
6029;False
4327;False
5798;False
3319;False
2375;False
6205;True
3322;True
4289;True
796;False
3123;True
1313;False
1716;False
588;False
6158;False
891;True
6848;False
3065;False
2763;True
1373;False
4953;True
2756;False
455;False
4148;False
1025;False
3043;False
6616;True
2303;False
4309;False
6815;False
3937;False
6761;False
3926;False
6501;True
815;True
5827;True
1208;False
5871;False
5475;True
2317;True
2268;True
4499;False
1078;True
6593;False
639;True
6534;False
1326;True
2447;True
6426;False
356;True
4101;False
6827;False
140;True
984;True
818;True
2270;False
1536;False
1656;True
402;False
6326;False
4439;True
2943;True
728;False
5591;True
4838;False
5851;False
5258;False
5131;False
5984;False
3239;False
1324;False
900;True
1416;True
5386;False
4471;False
2978;False
5789;True
2868;False
2270;False
3943;False
4506;False
5458;False
2929;False
1981;False
6330;False
4803;False
3240;True
4125;True
176;False
3217;False
3998;False
4200;False
3486;False
5613;True
1758;True
6538;True
6537;True
3490;False
6509;False
5380;False
3483;True
1662;False
1116;True
5377;False
3950;False
1618;True
915;True
1527;True
4099;True
5900;True
1814;True
1070;True
819;False
5345;False
5155;True
5478;True
2308;True
3423;True
5127;False
4581;False
304;True
2994;False
233;True
3855;True
1814;False
5069;True
2902;True
2221;True
2218;True
1495;True
4366;True
4486;True
5652;True
5910;True
772;False
724;True
963;True
2412;False
5547;True
4436;True
6365;False
1014;False
3044;True
6870;True
2869;True
6183;False
1959;True
1812;False
5924;True
2757;False
599;False
4550;False
3726;True
2680;False
2709;False
5179;False
2460;True
3539;True
4099;True
6720;False
1920;False
3849;False
3738;True
3981;False
3814;True
4467;False
5104;False
3640;False
6122;False
3100;True
1887;False
3047;False
447;False
2265;False
1896;True
2789;False
1505;False
6352;False
106;False
965;False
742;True
370;True
1814;False
1447;True
4478;True
4746;False
5785;True
1160;True
6084;False
4020;True
323;False
6918;True
741;False
394;False
4292;True
3119;True
6723;False
117;False
3117;False
5089;False
3488;True
4308;True
2039;True
5605;True
4814;True
33;False
6477;True
6644;False
2885;False
3866;False
6048;True
1848;True
2462;True
1813;True
4731;True
5100;True
3626;True
6453;False
159;True
1969;False
2767;False
6016;False
407;False
6429;True
2251;False
5611;False
3974;False
3614;False
4948;True
3280;False
2717;False
5994;True
2077;True
4141;False
3370;False
4508;False
4677;True
4324;True
3524;False
6898;False
6258;True
995;False
2012;False
2158;True
3905;True
3631;False
5309;True
2584;False
1731;True
3377;True
1860;True
1689;False
6845;False
428;False
470;True
1322;True
1669;True
179;True
4695;True
1807;False
1716;True
3081;False
310;False
542;True
1017;True
4321;True
4085;True
2665;True
6967;False
6365;True
4735;False
1528;True
5896;False
6240;False
3164;True
1250;False
4087;True
557;True
825;False
5441;True
1626;False
4297;True
2688;True
5885;False
4695;False
1992;True
6618;False
1850;False
3802;False
803;True
5746;True
4160;True
381;False
5899;True
927;True
5830;False
159;False
3541;False
2748;False
3146;True
3085;False
1595;True
1370;False
205;True
2716;False
3875;False
3591;False
2872;True
6527;False
2971;False
2018;True
3870;True
3307;False
5746;False
1165;False
876;True
3120;False
315;True
2014;True
2859;False
4469;True
2762;True
6529;True
2975;True
206;True
4177;False
6929;True
2146;True
584;True
1019;True
3407;False
4212;False
2805;False
3429;True
4274;True
3265;True
5706;False
2671;True
378;False
4181;True
5199;True
2001;True
6281;False
639;True
3802;False
2228;False
2566;False
3183;True
3524;True
1963;True
386;False
5136;True
5823;False
4670;True
2725;False
6797;True
1782;True
2023;False
6518;False
2636;True
5579;False
6881;True
6284;True
6405;False
939;True
3435;True
4605;True
4223;True
5584;False
5591;True
1060;True
492;False
705;False
6777;False
3457;False
5468;True
2854;True
40;True
2985;True
6156;False
3994;True
5643;True
1603;True
64;False
3053;False
5721;True
5255;True
5463;True
3429;False
1437;False
1079;True
5258;True
2674;True
6071;True
3845;True
4587;False
3030;True
4539;True
3956;False
54;False
6767;False
977;True
4287;False
2680;False
2514;False
1322;False
4539;False
1509;True
729;True
5705;False
1850;True
1688;False
4020;False
5997;True
3667;True
2164;False
1128;True
6481;False
5320;False
1143;False
7001;True
6523;True
1647;False
6951;True
3635;True
1449;True
4853;False
6998;True
4696;True
1157;False
1727;False
6635;True
4575;False
697;True
6247;True
6075;False
1420;False
5886;False
3586;True
2139;False
5005;True
6215;False
6028;False
720;False
2245;False
4805;False
3504;False
6930;False
6418;True
6832;False
4547;False
832;True
4071;True
3531;True
904;False
159;True
356;True
3552;True
3243;False
3840;True
351;False
6026;True
1386;True
3341;True
2466;True
3584;True
5482;False
5450;True
3515;True
4911;False
4217;False
4106;False
5995;True
2371;False
191;True
4515;True
5879;True
1146;True
1065;False
3892;False
341;False
3219;True
5695;False
3407;False
449;False
3338;True
2358;False
6560;False
6669;True
4492;False
3509;True
5823;True
5708;True
6893;True
1496;True
1114;False
4884;True
3160;True
2016;True
882;False
5981;True
1725;True
273;False
106;True
3324;False
1973;False
2848;False
2147;True
2499;True
3346;False
4721;False
4362;False
1131;False
2387;False
2544;True
6660;True
3721;True
1991;True
3865;False
3355;True
536;True
6226;False
3049;False
3053;True
6879;False
2823;True
1546;False
353;True
4692;True
5338;True
636;True
397;True
2901;True
969;False
4477;True
264;True
4348;False
6024;False
6959;False
6783;False
4021;True
2532;True
1204;False
4914;True
2006;True
6839;True
2586;True
3791;True
4105;False
3915;True
3283;False
5918;True
1236;True
3229;False
4409;True
2465;False
2393;True
3046;True
5971;False
5652;True
1891;True
5773;True
4026;False
1583;True
4008;True
2423;False
1233;False
2075;True
2635;False
3345;True
6655;False
3596;False
5336;False
6793;True
736;False
6548;True
1392;False
4853;False
2450;False
2573;True
1739;False
1259;False
450;False
3048;False
6646;False
4380;False
1308;False
1313;False
5352;False
6319;True
974;False
2363;True
4484;False
4507;True
6688;True
2429;False
5969;False
4429;False
4588;False
1741;False
5326;True
2159;True
1157;True
130;False
5293;True
2041;True
4356;False
4375;False
338;False
3217;False
2089;True
2825;False
987;False
197;True
6483;False
1062;True
1725;True
1933;False
4770;True
2817;True
4769;True
6684;False
3935;True
64;True
5196;False
1663;False
4682;False
6387;True
5742;True
4511;True
6026;True
1954;False
3800;False
4693;False
644;True
1590;False
4559;False
6010;False
1886;True
3398;False
1080;True
6150;True
4489;True
4254;True
1533;True
6442;False
2723;False
2900;True
4686;True
5399;False
751;True
1152;True
6976;True
469;True
5220;False
1473;False
1899;False
4429;False
4377;False
4644;False
4829;True
196;True
132;False
5303;True
2387;True
5439;False
5966;False
43;False
6548;False
1732;True
6455;True
2944;False
3801;False
1134;False
3031;False
6303;False
5919;False
173;False
4410;True
148;True
6327;False
1287;True
1709;True
3906;False
4788;False
5627;True
2422;True
3967;True
1760;True
3327;True
3504;True
656;False
1356;True
4251;False
369;True
5879;True
5405;True
2794;True
5531;True
1440;False
884;False
3292;True
6127;False
6443;True
3383;False
1798;False
6465;False
4682;True
2674;False
4394;True
4302;False
2574;True
853;True
2511;True
1836;False
3773;False
5349;False
4274;False
4517;False
1567;True
6274;False
899;False
1736;True
1372;False
2555;True
6463;False
6153;True
586;True
3364;False
4433;False
2928;True
651;False
6631;False
5759;False
6852;True
5812;True
2450;True
3249;False
2112;True
4406;False
6766;False
923;True
4494;True
6952;True
4749;True
6781;False
1802;False
5426;True
2137;True
1852;True
1076;True
4725;True
6249;False
1097;True
6570;False
5497;True
4760;True
315;True
5687;True
433;True
3142;False
3509;False
4701;True
992;False
6015;False
1749;True
3535;True
5299;True
5242;True
3492;True
6471;True
1442;False
6746;False
1278;False
2461;True
6907;False
1415;False
1757;False
4178;True
5347;False
5445;False
1790;True
3372;False
3252;True
862;True
4762;False
3664;False
2070;False
1372;False
1059;False
1026;True
1060;True
1509;True
429;False
5430;False
5018;False
5358;True
5844;True
2845;False
286;False
114;True
1669;False
3096;True
6618;False
4887;True
4609;True
3172;False
2291;True
2001;False
654;False
6396;False
2275;False
2120;True
3453;False
4075;False
2819;False
6319;False
3035;False
5110;True
5830;True
2364;False
2310;False
3182;True
804;True
5020;True
6272;False
1093;True
5117;True
225;False
5479;True
6976;False
3012;False
6445;False
6083;False
6550;True
1263;True
1937;True
6744;False
2999;True
3015;True
70;False
3201;False
2876;True
2446;False
5613;False
1177;False
1765;True
133;False
3932;False
3263;True
6976;True
388;True
2725;False
6465;False
3238;True
4091;True
1222;False
1051;False
5954;False
3186;False
604;False
811;True
6671;True
2674;False
5659;True
1747;True
986;True
5482;False
5767;True
2171;True
6173;True
977;True
6338;False
1001;True
3610;False
6937;True
244;True
847;True
3970;True
2796;True
3219;True
3923;True
3134;True
4783;True
373;False
6985;True
2935;False
6805;False
3651;True
4160;True
5756;False
5859;False
5167;True
2913;True
6081;False
6979;True
3190;False
6999;False
4981;True
4009;True
965;False
325;False
5454;False
6071;True
4492;False
3702;False
2754;False
65;True
4829;False
6087;True
5940;True
1940;False
6772;False
924;False
5503;False
752;False
137;True
603;True
5616;False
2298;True
4515;True
123;False
3818;False
3186;False
3116;True
2676;True
342;False
2722;False
4889;True
2769;True
447;True
1855;False
3461;False
3254;True
647;True
5131;True
6984;True
3036;False
4368;False
6053;True
2676;False
2491;True
5872;False
6205;True
6770;True
2086;True
6354;True
4820;False
2052;False
1416;False
826;True
4115;False
6585;False
2594;True
6246;True
858;True
3549;False
4294;False
6958;False
3333;False
1280;True
4176;False
1912;False
1629;True
2700;True
2596;True
4157;True
2493;False
1359;False
1906;False
5657;True
2854;True
216;True
3362;False
514;True
4495;True
3438;True
1723;False
5755;True
3789;False
4544;False
492;False
6171;True
412;False
691;True
716;True
5123;True
844;False
2471;True
1078;True
4865;False
983;True
2077;False
5647;True
5430;False
3007;False
3276;True
5641;False
6374;False
6253;True
2749;True
1489;True
5331;False
5284;True
2502;True
79;False
4597;True
3087;True
5304;False
3854;True
6453;False
6269;False
6591;False
6515;True
4088;True
5311;False
5677;False
4961;True
5553;True
103;True
6182;True
4409;False
4505;False
2910;True
4572;True
3377;False
4852;True
2077;True
2107;False
1630;False
4344;False
5449;True
5219;True
4018;True
5138;False
5219;False
4144;True
942;True
4070;False
4051;True
4793;False
885;False
1237;False
2415;True
5008;False
586;True
4962;True
4297;True
881;True
5997;False
1689;False
5685;False
4901;False
2159;True
4486;False
6194;True
5974;True
6675;True
1156;True
1479;False
4099;False
6222;False
4511;False
6472;True
1683;False
806;False
2951;False
2044;False
4687;False
5299;True
6342;True
831;True
3631;True
2197;False
2509;True
2790;False
6975;True
3468;False
4648;True
2046;True
2451;True
5241;True
3098;True
1133;True
4132;False
2001;True
3424;False
6937;True
6637;False
6494;True
676;False
3219;True
6573;False
1740;False
4852;True
4515;False
3715;False
5344;True
1951;False
6271;False
1468;True
492;False
4491;True
944;False
520;True
599;True
5644;True
2092;False
2497;False
869;False
391;False
959;False
3582;True
5453;False
163;False
1014;True
2464;False
4763;True
259;False
3876;True
4902;True
4299;False
6927;True
5486;True
5215;False
1044;True
4975;False
2091;False
5854;True
5763;True
1729;False
3276;False
2541;True
54;False
6958;False
4824;False
6213;False
3727;True
3555;False
6347;False
6408;False
6628;True
4888;True
141;False
4854;False
3257;False
5365;False
5833;False
4707;False
3788;True
3438;False
5609;False
6105;False
4693;False
3419;True
2275;True
2169;False
6978;True
5266;False
5740;False
5318;True
2046;False
4009;True
1205;True
641;False
448;True
1305;True
5517;True
2925;False
1980;False
2133;False
6042;True
4454;True
1629;True
5162;False
1388;True
574;True
2612;False
714;False
6406;False
4770;False
562;True
3496;False
87;True
2211;False
50;False
5990;False
5273;True
5376;True
3677;False
5998;True
1390;False
1594;False
5618;False
1172;False
6420;False
3175;True
5473;True
6861;False
6884;False
5412;True
1343;True
6079;False
5400;True
2180;True
3261;False
5487;True
3255;False
5500;True
693;False
5021;False
5529;True
5228;False
3386;False
2852;False
1661;False
597;True
235;False
1823;False
2733;True
4028;True
3658;True
6436;True
4139;True
4227;True
5506;True
1566;True
2541;False
4824;True
4138;False
5470;True
2530;False
284;False
2462;True
5488;False
6688;True
30;True
5730;True
5940;False
1873;True
2385;True
1296;False
2708;False
5330;False
5271;False
3695;True
4441;False
4940;True
2260;False
6185;True
3643;True
3029;True
6688;False
5971;False
5212;True
3660;True
2585;True
5118;True
4788;False
4870;True
2754;False
4459;True
766;True
3721;False
5833;True
5492;False
2608;False
3279;True
411;True
6813;True
2489;True
5420;True
4394;False
5267;False
5732;False
5689;True
4153;True
4117;False
484;True
4994;True
6398;True
4609;False
253;False
2539;True
648;False
1615;True
3288;True
5049;False
2118;False
3240;False
75;True
5282;False
4402;False
5565;False
826;False
3195;False
4576;False
3194;True
5482;False
999;False
4702;False
1907;True
6127;True
4407;False
1737;False
4365;False
5453;False
3347;False
5162;False
2134;True
1436;False
2787;True
4051;False
2969;True
3920;False
3198;False
2933;False
6306;False
6074;False
1363;True
986;True
4020;False
789;True
2408;True
6892;True
3115;False
6545;True
6992;True
1464;True
4868;True
3433;False
6911;False
5858;True
6531;False
4207;True
4613;False
2549;False
1900;True
5886;True
4772;True
226;False
1133;False
6103;True
5254;True
6240;False
540;True
363;False
2044;False
64;False
6452;False
5959;True
2964;True
3972;False
1353;True
6927;False
6725;False
1224;False
1162;True
1589;False
5816;False
6771;False
694;True
2900;False
125;True
2593;True
5628;False
487;False
2861;True
484;False
799;True
5657;True
6849;False
1598;True
3324;False
3764;False
3645;False
121;True
4725;False
3857;True
5103;False
453;True
4685;False
1065;False
1948;True
2393;True
5363;True
1561;True
5022;False
1192;False
183;False
6365;False
6197;True
6617;False
413;True
176;False
4306;True
6015;False
4907;True
2811;True
3712;False
651;True
5893;True
2294;True
1165;True
3716;True
4555;False
1270;True
723;True
4658;True
5907;True
5971;False
1615;False
5264;False
6604;True
6238;False
4318;False
4338;True
3848;True
6638;False
4483;True
1082;False
3083;False
1150;False
2132;False
2164;False
4577;False
1139;False
1464;True
6809;True
5397;True
2826;True
898;False
6324;True
4943;True
6576;True
5431;False
1969;True
1329;False
615;True
6887;False
1621;True
415;True
1501;True
6107;False
202;True
5756;True
321;True
882;False
809;True
347;True
5523;True
819;False
472;False
5183;False
125;False
4028;False
5390;True
761;True
5524;True
316;False
32;True
1114;True
5399;True
316;True
877;False
4964;False
5239;True
388;False
3561;True
1291;False
238;True
1130;True
4532;True
5617;False
380;True
295;False
6762;True
2878;True
2501;True
3442;False
982;True
4207;True
5167;True
1880;False
5891;True
4600;False
3287;True
144;True
3435;False
5727;True
5596;False
298;True
4676;False
1008;True
1228;True
1294;True
2573;True
2318;True
4225;False
4997;False
1287;False
2293;False
756;True
6478;True
4966;True
152;True
6783;False
6807;True
284;True
5299;True
4173;False
6295;False
5584;True
3770;False
3473;True
1081;False
2901;False
2657;False
4285;False
2287;False
3654;False
2978;False
3338;False
1196;False
4644;False
5423;False
6648;False
5017;True
6696;False
1160;True
172;True
507;True
4106;False
4309;True
3840;False
6900;False
4874;False
729;True
4978;False
3672;False
6317;True
3386;False
2109;False
6506;True
5396;True
1921;True
3010;False
3857;False
6846;True
3540;True
3981;True
5689;False
6891;True
6035;True
3627;True
4820;False
4803;True
4165;False
5186;False
73;False
1949;True
4652;True
2130;False
118;False
4322;True
2877;True
3700;True
5920;False
4418;False
352;False
3895;True
2550;True
1114;False
6784;True
3772;False
4238;True
2724;False
4657;True
6209;False
104;True
897;False
657;False
5841;True
133;True
2897;False
6591;True
6474;True
3028;False
5070;True
266;True
2932;False
5291;False
5198;False
808;False
4964;False
4690;False
4876;True
4071;True
2981;True
6832;False
3025;False
950;True
3051;True
6611;False
3731;False
3079;False
6276;True
5277;False
4254;False
1808;False
6927;True
1894;True
2484;False
1904;True
6142;True
4410;False
1572;False
3727;False
5529;False
2109;False
5481;True
4301;True
3045;True
2225;False
1984;False
5406;False
586;False
6681;True
4880;False
720;True
1307;False
4572;True
3161;False
1932;True
6114;True
6522;False
4815;True
704;True
1837;False
6606;True
4802;False
6510;True
5644;True
2250;False
1077;True
5477;True
3864;True
5868;False
534;False
4216;True
2253;True
5023;False
1347;False
3358;False
2316;True
1142;True
6723;False
5489;True
4879;False
2860;True
552;False
2617;True
3163;False
6580;False
2614;True
5777;False
6698;False
4894;True
6632;False
2037;True
6960;False
4094;False
4132;False
2514;False
6768;True
6602;True
1268;False
6194;False
310;True
3442;False
5195;False
3869;False
726;False
2970;True
776;False
6201;False
4656;False
3259;False
4930;True
1490;False
6826;True
4612;True
1651;True
6090;False
889;True
2827;True
4961;False
3336;True
2208;True
6520;True
4518;True
5608;True
22;False
2630;True
4599;False
6656;False
1656;True
4920;True
6181;False
3811;False
4888;True
6514;False
2113;False
5171;False
5240;False
1235;False
1035;False
4232;True
5043;False
4061;True
4336;False
4521;False
2593;True
690;False
2308;False
1148;False
2421;False
4932;True
3045;True
5391;True
4877;True
6191;True
1553;True
1486;False
5389;False
373;False
2950;False
6114;True
3701;False
1276;False
991;False
1558;True
1754;True
5693;False
1136;True
2039;True
5985;False
5803;True
5962;False
4302;True
164;True
5165;False
6468;False
5584;False
6554;False
5861;False
4576;True
6113;True
2655;False
1365;True
3402;True
3346;True
1174;True
4519;True
358;False
5744;False
2275;False
2574;True
5256;True
3032;False
4705;False
6640;False
2768;True
6784;False
882;True
6299;False
2143;True
2791;True
5314;False
6554;True
7005;True
5797;False
4130;True
3838;False
5573;True
5917;False
847;True
1149;False
4237;True
2278;True
3974;True
1167;False
6013;True
947;False
6753;True
85;False
6786;True
1552;True
1644;True
3821;True
3813;False
1841;True
1948;True
2318;True
6703;False
6238;True
7;True
3662;True
1603;True
1091;False
3155;False
4566;True
1318;True
5470;False
5166;True
4941;True
5998;True
6260;True
2991;True
1122;False
5863;True
1310;False
1289;False
3151;False
3635;False
2964;False
2120;True
1883;False
5027;False
6075;True
4452;False
3358;False
5173;False
1891;False
6542;True
5232;True
6043;True
3499;False
451;True
6549;False
3039;True
1607;True
2292;True
707;False
1132;False
815;True
36;False
2203;False
785;True
782;False
5359;True
6104;True
332;False
2203;True
3239;True
2354;True
4132;False
2219;True
6510;False
2740;True
2046;True
2081;True
6599;False
3905;False
1678;True
2345;False
4358;False
4067;False
4203;True
4508;True
2908;True
910;True
2487;True
1154;False
6781;False
3792;True
3197;True
3038;True
2321;True
1619;False
2966;True
979;False
5636;True
1848;False
949;True
686;True
1482;True
4963;True
1434;True
1661;True
2726;True
6660;False
751;True
5189;True
3406;False
3119;False
5689;True
987;False
1519;False
4251;False
2897;True
4655;True
2096;False
2143;False
6537;True
3181;True
4022;False
4153;True
2744;True
6807;True
5735;True
4069;True
350;True
4796;True
4047;False
2726;False
2508;True
1644;False
378;False
676;False
399;True
5759;True
2774;True
6537;True
1414;False
6956;True
3842;True
3761;False
5698;True
5672;False
5053;True
3762;False
2715;False
4396;True
3883;False
1156;False
6342;True
723;True
4867;False
1556;True
5220;False
4760;True
4927;False
702;True
5364;False
2886;False
5258;False
1367;False
1344;True
1180;False
2945;True
5773;False
4311;True
3956;False
2410;False
787;True
3570;True
2605;False
2425;False
2497;False
5196;False
440;False
4210;False
6355;False
5309;False
5907;True
3571;True
5111;False
3771;False
2539;True
2105;False
6295;False
3154;True
3012;False
1849;True
4713;True
1310;True
1522;True
1801;True
5908;False
5032;True
6847;False
2191;False
754;True
5585;True
6926;True
5879;True
4420;False
6819;False
5193;True
1714;True
2042;True
5122;False
4219;False
1710;False
2485;True
4656;False
683;True
5284;True
4052;False
5213;False
2963;True
6761;False
3579;True
516;True
5934;False
3171;True
4722;True
5789;False
4568;False
1658;False
3062;False
1106;False
6487;False
1347;False
1382;False
5482;True
334;True
3009;False
6456;False
2571;True
3764;False
4077;False
5738;True
5310;False
2286;True
6048;False
5723;True
220;True
6184;True
5890;True
1845;False
1168;False
1521;True
4730;False
1195;True
1021;False
6033;False
307;True
6052;True
6309;False
1410;True
1561;True
1305;False
3778;False
372;False
1531;True
2744;False
3653;True
5417;False
3729;False
2516;True
566;True
1109;False
2312;True
527;False
3686;True
4840;True
5139;True
613;True
1023;False
2962;True
282;False
6970;False
4174;True
5028;False
1141;True
2948;True
3128;False
256;False
3337;True
659;False
4889;False
2328;True
2271;True
2393;False
540;False
5648;False
3320;True
2674;True
4568;True
4680;False
4752;True
1769;False
6314;False
291;False
3661;True
6602;True
6142;True
6272;False
1820;True
6215;True
904;True
4555;True
6582;True
1142;True
2157;False
3518;True
2883;False
583;False
3093;False
1795;True
777;False
1761;True
6734;False
6444;False
6253;True
2087;True
2846;False
6749;True
2134;True
2861;False
4005;True
6241;False
1922;False
4460;False
5930;False
4808;True
4459;False
3125;False
5789;True
4251;True
2038;True
5429;False
6308;True
3977;True
4575;False
6509;False
2773;False
2757;False
2235;True
6630;False
89;False
643;False
4997;True
1487;False
2927;False
186;False
4995;True
3019;False
6113;False
1040;True
5845;False
1677;True
477;False
2822;False
1092;True
350;False
4312;True
2042;True
88;False
3648;False
4204;True
5841;True
6730;False
4946;False
4606;False
2605;False
1669;False
3800;False
4971;False
5062;True
2805;False
3622;True
5896;True
1895;False
5383;True
4621;True
4315;False
5143;False
4015;False
1019;False
3521;True
1079;True
5941;True
6754;False
6385;True
5338;False
933;True
5389;True
4117;True
1850;True
2786;True
4941;True
4006;False
2694;False
1073;True
6337;False
5554;False
6909;False
4248;False
1661;True
2539;False
40;True
3282;False
1697;False
4196;True
3120;True
6063;True
3163;False
1433;False
3737;False
2593;False
1352;False
2354;False
4565;True
5754;True
6689;True
2653;False
626;True
1960;False
6653;True
2454;True
3446;False
3880;False
1300;True
3958;True
6928;True
6726;True
4163;True
2411;False
2965;False
4692;False
4858;True
4829;False
5874;True
2352;True
5861;True
5778;False
6383;True
2750;False
3666;False
6593;True
4650;False
5897;False
5802;False
4451;False
5000;False
1660;False
2573;False
2534;True
1505;True
2786;True
4190;True
5313;True
2933;True
4119;True
763;False
1404;True
5973;False
2142;False
5458;False
6514;False
5414;True
208;True
5160;True
5873;True
3538;False
1761;True
1919;False
5037;False
57;False
2195;False
2643;True
6996;True
3658;True
6921;True
6045;True
778;False
4742;True
5566;False
2686;True
5196;True
4083;True
5730;True
1153;True
740;True
2128;True
4912;True
3487;True
3321;True
6979;True
3154;True
4368;True
1686;False
4047;False
4848;False
6918;True
22;False
1742;True
3307;True
6391;False
654;False
2982;False
3410;False
2628;True
1663;True
378;False
5938;True
2486;True
5946;True
4245;True
4628;True
5642;False
391;True
2984;False
6501;False
90;True
1488;False
5262;True
1902;True
2147;True
6616;False
2596;False
5730;False
4161;False
5717;False
6174;False
4504;True
606;True
5082;False
1346;True
6137;True
3252;True
2831;True
475;False
4813;True
6652;True
5226;False
701;True
1399;False
2719;False
3361;False
3670;True
1218;False
6950;True
6058;True
1729;False
4296;True
4687;False
5151;False
1613;False
1405;False
1333;False
5849;False
151;False
974;True
4515;True
4823;False
850;True
1712;False
668;False
1457;True
2063;True
3992;True
5003;False
1061;True
5637;True
998;False
5903;False
3034;True
3862;False
3833;True
3508;True
1077;False
5384;True
4877;False
2984;False
429;True
1304;True
1666;False
3254;True
3920;False
1556;True
6525;True
3413;True
1361;False
3254;True
2257;True
876;False
899;True
5462;False
6092;False
1267;True
1219;False
1470;True
4896;False
3044;False
5510;False
1442;True
1510;False
1702;False
3029;True
3209;True
668;False
3626;True
6701;False
993;False
5054;True
5560;False
1886;True
5660;True
5779;False
744;False
4837;False
521;True
6023;True
1791;True
4576;False
4627;False
3779;True
5181;False
1288;True
2225;False
4166;False
2927;True
3798;False
6350;False
4604;True
4860;False
4090;True
4122;False
3299;True
5435;True
4897;True
4507;False
3856;True
634;False
1229;False
6028;True
4277;False
3791;True
1047;True
6615;False
1886;False
2215;True
4701;False
4774;True
5783;False
4928;True
27;True
666;False
3546;True
6158;True
3779;False
2874;True
3786;False
6708;False
3925;True
6602;True
5478;True
1423;False
550;False
2522;False
5846;False
1530;False
6818;False
775;True
4028;True
6353;True
6679;True
3264;True
3598;False
1381;True
3366;False
379;False
2643;True
4287;True
6193;False
284;False
3253;False
6707;True
5068;True
368;False
5987;True
1107;False
385;False
3411;True
3492;True
4968;False
303;True
6328;False
3406;True
2143;False
3499;False
2337;False
5730;False
6707;False
5061;False
3558;True
4347;False
1941;True
6256;True
1105;False
782;False
258;True
4824;False
5509;False
5246;True
1420;False
3904;True
1509;True
4875;True
4772;True
158;True
6562;False
3422;True
2945;True
2379;False
6391;False
3296;False
327;False
31;True
5642;False
4387;True
3003;True
397;True
6572;False
5560;True
4351;True
5520;True
1876;False
893;True
2371;True
3580;False
1923;False
4642;False
589;False
5273;True
8;False
688;True
3446;False
1005;True
1974;False
6833;False
395;True
5428;False
5802;False
5711;False
5041;False
861;True
1539;True
2012;True
3339;True
349;False
826;True
3949;False
1042;False
4005;False
2835;True
6608;True
3782;True
2575;True
1600;False
3385;True
907;True
2397;True
3522;False
2403;False
1852;True
1206;False
2813;False
4321;True
914;False
4396;False
1488;True
1217;True
3411;False
4817;True
4443;True
6083;True
1003;True
5471;True
5754;True
284;False
1144;True
4876;True
1304;True
4430;False
1247;True
6805;True
3390;False
6695;False
4116;False
3218;False
1931;False
1354;True
2453;True
5456;False
2079;False
6280;False
2811;True
456;False
6040;False
432;True
3802;False
2962;True
4083;False
2962;True
3832;False
3973;False
5537;True
3963;False
4786;False
4926;False
5066;False
3964;False
1549;False
227;True
4782;False
3801;True
4407;False
2259;True
5932;False
5151;True
2312;False
2865;False
1167;True
6969;True
5448;True
4568;True
5355;True
2851;False
6726;True
5769;False
744;False
1591;False
587;True
4917;True
5716;False
1221;False
6604;True
6227;False
3551;True
4559;False
2510;False
6147;True
4257;False
3766;True
5893;False
4540;False
5701;False
2618;False
4640;False
3117;True
263;False
5920;True
1619;True
5460;True
2751;False
189;True
5465;False
6031;False
4730;True
3468;False
2818;True
2516;False
1388;True
1955;True
1446;False
1824;True
6852;False
3236;True
3914;False
5434;False
199;True
6979;False
472;False
4779;False
5234;False
2908;True
2789;True
3065;True
3475;False
1228;True
1257;False
2879;False
751;False
3283;False
9;False
4751;True
3388;False
2714;True
5705;False
4310;False
1235;False
5583;True
762;True
4437;False
6848;False
2311;False
2570;True
3032;True
3111;True
4185;True
2865;False
445;False
6084;False
4999;True
1213;True
6962;False
6472;True
6917;False
3162;False
476;False
6138;False
5610;False
758;False
1915;False
4965;True
1057;True
4039;False
4014;True
6168;False
2200;True
1585;False
4325;False
5259;True
2502;True
964;True
1487;False
6897;True
5029;True
6951;False
4231;False
1344;True
2272;True
5897;True
2587;False
6868;True
2212;False
1593;True
4449;True
6558;False
3461;False
6558;False
5111;False
851;True
5931;False
4996;True
3874;True
1274;True
6411;True
3849;False
539;True
4314;True
1681;False
5866;False
5717;False
4203;False
6009;False
6492;True
1975;True
4460;True
2553;True
2337;True
2795;False
2446;True
5701;True
1988;True
4929;True
2021;False
2889;True
5557;True
4346;True
1596;False
3503;True
6136;False
147;True
5773;True
1213;False
648;False
5344;False
4945;True
2975;True
411;False
2596;False
6448;False
4365;True
6225;True
4043;False
252;True
2791;True
1170;True
5894;False
5950;True
3325;True
3873;True
3971;True
3822;True
3286;False
99;False
3944;True
1350;False
6907;False
358;False
2889;False
4685;True
6941;False
830;False
2608;False
6444;True
84;False
6210;True
1732;True
657;False
953;True
4189;True
3396;False
2425;False
6864;False
3241;False
2490;True
541;True
1553;False
904;True
6969;False
6776;True
1775;True
2298;True
4767;True
3546;False
6635;True
628;True
5023;False
20;False
4204;False
2112;True
1298;True
627;True
3846;True
5597;False
157;False
3910;True
5325;True
632;False
41;False
6911;False
4087;False
920;True
6211;False
3267;True
1038;False
4317;True
2042;False
6763;True
1161;False
5942;True
3291;True
431;True
5771;True
7007;False
396;False
3523;False
4312;False
6822;True
5348;True
4116;True
625;True
4166;True
3212;False
2346;False
6752;True
1402;True
4593;True
6618;True
646;True
3184;True
1742;False
3606;False
2922;False
5969;True
6219;False
3489;True
373;False
1587;False
4517;True
6360;False
6525;True
1285;False
2497;False
6450;False
5275;True
1938;False
2937;True
431;True
591;True
1611;True
6652;False
275;False
890;True
2571;False
37;False
1948;False
803;False
6883;True
3284;True
6179;False
6065;False
1576;False
5042;False
5318;False
438;True
6076;False
2847;False
6135;True
2898;False
3114;True
4054;True
776;True
6242;False
2241;True
3432;True
4342;False
1703;False
5724;True
4560;True
2423;True
2615;True
1968;True
2244;True
893;False
5998;False
6008;True
742;True
2982;True
4679;True
4757;True
2071;False
5965;False
1391;False
2192;True
1199;True
2402;True
3450;False
6771;True
413;False
4788;True
2717;True
3689;False
2124;True
6612;True
2851;False
5940;False
6856;False
5124;True
1207;True
5147;True
3388;True
2478;True
3455;False
788;False
2103;False
3296;False
4143;True
1017;True
6361;False
6150;False
487;False
1567;True
729;True
2085;False
4994;True
927;False
2454;False
1656;False
885;False
2814;True
82;False
6740;False
912;False
6042;False
6841;False
4087;True
4344;True
5785;False
898;False
445;True
2067;False
3021;False
6830;False
6380;True
4198;False
2297;False
5955;True
6646;False
6532;False
910;False
2687;False
6955;False
5783;True
5545;True
3307;False
5108;False
758;False
4765;False
1101;True
3821;False
2593;False
712;True
1676;False
4548;False
2266;False
265;False
5231;True
107;True
2165;False
4137;False
4044;False
5542;False
5500;True
5764;True
4444;False
6242;True
6753;True
845;True
1024;False
1930;True
2338;False
482;True
2724;False
6645;True
5428;True
4165;False
6207;True
7;False
168;True
778;True
6040;True
1563;False
3781;False
1161;False
1420;False
1377;False
6467;True
2215;False
2859;False
2528;False
2323;False
4696;False
6866;True
6293;True
1548;False
585;True
3642;True
2162;False
1594;True
6288;False
3528;False
6096;False
6729;False
4770;False
3021;True
3521;True
5930;False
1967;False
1823;False
1825;False
552;True
5290;False
858;False
2253;False
6851;True
1115;True
1878;False
5423;False
2805;False
726;True
3808;False
3734;False
1702;False
5528;True
7000;True
696;False
1028;True
2330;True
688;False
266;False
4707;False
2296;False
6021;True
1395;False
5780;True
6855;True
4451;True
5818;False
5340;False
2667;False
5414;False
2671;True
4565;False
3618;False
3191;False
3189;True
894;False
1081;False
2065;True
863;False
442;True
1870;False
6241;False
6659;True
6113;True
3800;False
2734;True
1042;False
1654;True
4401;True
5730;True
4389;True
2163;False
5977;True
3722;False
3878;True
186;True
3528;True
3514;True
6663;False
5380;False
3288;True
955;False
170;True
4224;True
5563;False
2433;False
6799;True
467;False
4618;False
6094;True
889;False
1601;True
6868;True
5989;False
5570;True
5655;False
6755;False
4007;False
4966;True
2746;True
6621;False
363;False
2986;False
3624;False
6479;False
3361;False
1930;False
1110;False
1837;False
2898;True
5012;False
482;True
5580;False
217;False
944;False
586;False
917;False
2743;False
2742;False
3176;False
5203;False
5786;False
5724;False
3963;True
6368;True
5618;False
5837;True
6748;False
5902;False
4043;False
2316;False
4485;False
1299;False
5698;False
6103;False
5327;True
5803;False
1807;False
1487;False
4643;False
3978;True
3970;False
6758;True
6366;True
1182;False
1436;True
4090;True
6310;False
4881;True
557;False
5022;False
964;False
339;False
4757;False
5337;False
2274;False
60;False
3396;False
2802;True
646;True
2415;True
5374;False
5467;False
512;True
3180;True
6748;True
975;False
1893;False
3750;True
5696;True
2395;False
4816;False
6798;True
1613;True
3214;True
2989;False
1961;True
2407;False
5486;True
2687;True
1213;True
5298;False
6787;True
4106;False
2177;False
1686;False
4437;True
3069;True
5183;True
2883;True
472;True
5158;True
490;False
3857;True
3815;True
833;False
2734;False
2810;False
2486;True
493;True
3634;False
3673;False
6039;True
6833;True
4085;True
4688;False
3654;False
6999;True
3280;False
6459;True
6079;True
4969;False
3152;False
4813;True
4882;False
6423;False
2396;True
1268;True
4503;True
1702;True
4402;False
6097;False
4608;False
2056;False
5686;False
274;True
6226;True
939;True
3044;False
2272;False
6497;False
6515;False
3343;False
4997;False
3628;False
1989;True
2563;False
111;False
6003;True
2370;False
6055;True
329;True
2709;True
5265;True
1748;False
6358;False
3166;False
2677;False
3057;False
4969;True
4791;True
1082;False
3505;True
1843;True
3571;True
2472;True
3036;False
1148;False
762;False
2637;False
42;True
3571;False
4567;False
6731;False
1334;True
1502;True
4026;False
5850;True
1945;True
65;True
6460;True
6284;True
1660;False
1690;False
6348;False
3419;False
1980;False
5835;False
4130;True
885;False
4039;True
3685;False
2055;True
1728;True
487;True
5522;True
5096;False
77;False
1447;True
1286;True
4489;False
2819;True
4205;False
6932;True
3083;True
6616;True
4898;True
6350;True
6913;True
4415;False
142;False
552;True
4027;False
5293;True
1289;True
2693;True
2365;True
4995;False
4869;False
6239;True
1469;False
5890;False
5849;True
1641;True
3444;True
6527;False
3922;False
4656;False
4981;False
4806;False
5132;True
2526;False
5241;True
6482;True
5256;False
802;False
2098;True
6989;False
2245;True
1766;False
4765;True
5049;True
6396;True
4179;True
1071;False
4499;True
5191;False
3018;False
6360;False
1578;True
4246;False
1196;True
5757;False
6646;True
2412;False
6383;False
2360;True
6044;True
6769;True
4799;False
2358;True
6799;False
4232;False
6863;True
3379;False
4023;False
5751;True
5265;False
2397;False
5044;True
6037;False
5177;False
923;True
614;True
6482;True
4544;True
3856;True
6678;False
3032;True
401;True
335;False
3256;False
1153;True
2044;False
6094;False
5576;True
3304;False
1231;False
6331;False
1474;True
2832;True
2847;False
4029;False
4181;False
417;False
4491;False
6334;True
990;False
2734;False
3139;True
767;True
1292;True
2163;True
6283;False
2416;True
6278;False
405;False
1528;False
3236;False
4842;True
4797;False
5599;True
2216;True
3018;False
2219;True
6152;False
3224;True
2508;True
5966;True
5670;False
4331;True
6889;False
1920;True
3946;True
1321;False
5860;False
652;False
1616;True
4396;False
4117;True
438;False
5356;False
277;False
4673;True
2000;False
4091;False
3101;True
518;False
3132;True
1715;False
1254;False
6669;False
6523;False
3759;True
5473;True
1496;True
4032;False
2987;False
2577;False
5116;False
5626;True
1519;True
6806;False
874;False
3117;False
6671;False
5694;False
6465;False
5061;False
5630;False
2051;True
1878;False
3378;False
2648;False
5365;True
42;False
5271;True
4866;False
436;True
5646;True
5002;True
4930;True
4264;False
3863;False
2353;True
2804;False
5757;False
2341;True
3603;False
6147;True
5758;True
3799;False
1039;True
5052;False
4419;False
1652;True
6971;True
4040;False
4197;True
361;True
6887;True
6644;False
6468;False
3503;False
3026;True
5753;False
5877;True
3465;True
4143;False
316;False
1781;True
3579;True
435;False
1686;True
4061;True
1036;False
3066;False
2123;True
3272;True
6158;False
4576;True
1254;False
5961;False
6707;True
6805;True
2552;False
1491;True
5403;False
5991;False
1528;False
1659;False
2310;False
942;False
5922;True
2247;True
4431;False
4868;True
3619;True
6722;False
80;False
3153;True
2297;False
5811;False
2388;True
6637;False
6055;False
481;False
5539;False
1869;True
489;True
4032;True
6329;False
5083;False
5134;True
2285;False
5672;False
5414;False
6065;False
5452;False
2259;False
3610;False
1724;True
4453;True
407;True
6019;False
496;True
575;False
6317;True
5880;True
94;False
771;False
6311;False
5765;False
5813;False
58;False
2124;True
3742;True
845;False
2929;True
1337;True
2464;False
315;False
1111;True
1653;True
6632;False
6212;False
5512;True
3360;True
2732;True
5935;True
2496;False
5310;True
3414;False
5990;False
4006;True
5510;False
1876;False
1574;False
5077;True
2898;True
6386;True
4379;False
4654;False
4699;True
6136;False
3262;False
5478;False
4518;False
1257;False
5096;True
1866;True
1910;True
520;False
6629;True
4072;False
5232;False
5934;False
888;True
144;True
3647;False
2165;False
1086;False
502;True
1851;True
1968;False
583;True
240;False
1329;False
5949;True
3775;False
2870;True
891;False
2504;False
2451;True
6346;True
120;True
6115;True
3932;False
2022;False
2411;True
2862;False
1388;False
6087;False
5898;True
2035;False
2252;True
81;False
5094;True
2023;True
4956;True
6882;False
3556;True
6055;True
2996;False
5449;False
5911;False
6391;True
2730;False
6128;False
1158;False
5155;False
2477;True
1885;False
4519;True
6503;True
623;True
947;True
2398;False
2588;True
982;False
2593;True
5920;False
5711;True
3055;False
3788;False
5300;True
696;False
2735;True
1633;False
3202;False
1816;False
5295;False
4226;True
3621;False
1341;False
5580;True
6491;False
5447;True
3345;True
6029;False
2066;True
4681;True
4000;True
3219;True
786;False
4764;True
6114;False
2299;False
4877;False
1679;False
3067;True
2269;False
4863;True
5429;False
1542;False
1271;False
5177;False
4543;True
5607;False
6025;True
5387;True
2524;False
987;True
5268;False
5268;True
865;False
2177;True
999;True
1745;True
3846;False
3955;False
3055;False
3759;True
5641;False
2787;False
3195;True
6390;True
1709;False
1361;False
3567;True
1142;True
6196;False
4035;True
387;True
4907;True
6972;True
818;True
773;False
6097;False
821;False
1907;False
6345;False
2329;False
5218;False
688;False
6764;True
701;True
1425;False
2336;False
2118;True
632;False
3619;False
681;False
67;True
3332;False
1038;True
4561;False
6054;False
63;False
3215;True
6678;False
3724;False
3061;True
6277;True
5120;False
5189;True
5156;False
1373;False
874;True
3771;True
6735;True
3026;True
3962;True
1869;False
4047;False
62;True
3301;False
6740;True
3614;False
3272;False
3721;False
652;False
1894;False
304;True
1223;True
125;False
2374;True
3494;True
3613;False
5443;False
1685;True
1997;True
6973;True
4176;False
5380;True
5684;False
1832;False
1325;False
3768;False
2770;True
5177;True
5661;False
6228;True
1908;True
4621;False
5385;True
2320;True
6816;True
5208;False
379;False
1496;False
160;True
6073;False
2114;False
2384;True
6028;True
2876;True
1103;True
5532;True
1118;True
740;False
1389;False
922;True
2078;True
4721;True
1830;False
4516;False
5047;False
4261;False
5428;False
1687;True
3255;False
2461;False
3221;True
5282;True
2494;True
4423;True
3617;True
3995;True
4136;True
115;True
876;True
1119;False
1041;False
5996;True
2309;True
441;False
5069;False
1555;False
1583;False
1080;False
6406;False
3210;True
2573;True
6554;False
4306;False
4639;True
1308;True
4957;False
5341;True
6249;True
703;True
2094;False
5230;False
4968;False
3273;False
42;False
1972;False
3023;False
2735;False
1481;True
1193;False
1450;True
3216;False
3493;False
6134;False
3690;True
6563;False
3325;True
208;True
3792;True
908;False
2923;True
3336;False
1537;False
3571;True
4230;True
5074;False
3025;True
2811;True
4476;False
2585;False
1079;True
6988;True
2583;True
4244;True
3945;True
2324;False
1581;True
5419;False
4224;False
6462;True
2843;True
3843;False
6769;False
1876;True
877;False
873;False
6470;False
4651;True
4147;True
5963;True
764;False
779;False
3589;False
1061;False
1855;True
6128;True
2123;False
6610;True
5213;True
5380;True
6406;True
1929;True
1308;False
5218;False
2391;False
6589;True
6680;True
3660;True
2771;False
2988;False
952;True
2041;False
4421;True
4017;False
6776;True
3873;True
4317;True
4104;True
2149;True
848;False
4332;True
745;False
2589;False
4573;False
1257;False
5373;False
3472;True
4316;True
5705;True
3183;False
40;True
603;True
6025;True
3389;True
6246;False
4228;True
4604;False
5336;True
4010;False
6319;False
1772;True
2349;True
2088;False
5071;True
2094;True
2146;True
3585;False
1584;False
5234;True
4555;False
348;False
3088;True
4716;False
363;True
1476;False
1044;False
334;True
295;False
6109;True
359;True
1733;False
4650;False
526;False
6859;False
5587;True
1070;False
5184;True
293;False
5338;True
1531;False
5448;True
6499;False
5099;True
1916;False
3545;False
3327;False
2157;False
6513;True
5040;True
777;False
1118;False
3659;False
4620;False
1628;True
4570;True
470;False
5177;False
6948;False
5478;False
1828;True
2198;True
5429;True
1767;False
95;True
1879;True
3163;False
954;True
3310;True
6049;False
6615;False
4226;True
5406;False
517;True
2742;True
5630;False
2865;True
1854;False
2088;False
1421;True
6377;False
6931;False
6085;False
284;False
2675;True
2636;True
120;False
45;True
6560;False
3336;True
2784;True
6331;False
2897;True
5023;False
5856;True
5617;False
3768;False
2305;True
4889;True
3054;True
4596;False
2507;True
1634;True
3605;True
2078;False
1314;True
4064;False
5651;True
6392;True
2233;True
6663;False
5358;True
1648;True
6368;True
211;True
2829;True
4611;False
5035;True
333;False
6678;False
6922;True
816;False
6804;False
5249;False
4751;False
656;True
2009;False
5390;False
2501;True
5305;False
3948;True
6173;False
2640;False
2194;True
5044;False
1362;True
5285;True
5625;True
6990;True
6006;True
6946;True
2252;True
2091;True
739;True
999;False
318;True
5022;False
2671;False
4550;False
6962;False
181;False
6231;False
5529;True
2148;False
6646;False
2304;True
514;True
6917;False
535;False
4981;True
1762;False
2713;False
4989;False
5729;True
4937;False
6358;False
3181;True
285;False
3629;True
4966;True
4095;False
3928;True
6102;False
4867;True
3340;True
1006;True
5148;False
5331;False
4486;False
103;False
5223;True
4899;False
4791;False
1758;True
6221;True
2618;False
6187;False
1608;False
2812;False
4289;False
4995;True
1243;True
3244;False
3960;False
4794;True
1682;False
949;True
4840;False
4485;False
5208;False
3403;False
6401;False
6568;True
3488;False
249;False
3414;False
4731;True
1600;True
1084;False
6021;True
5378;True
6671;True
114;False
2824;True
3641;False
6557;True
192;False
2451;False
105;False
5798;False
1172;False
5380;False
4523;True
395;False
2055;True
2993;True
6600;True
4784;False
6497;True
3009;False
3701;True
807;True
3043;False
5864;True
5976;False
5905;False
4017;False
5176;True
3611;True
972;True
4131;True
492;True
5770;False
5572;True
591;False
4097;True
4267;False
5210;False
406;False
4709;True
2846;False
6033;True
3162;True
5;True
6472;True
2770;True
6110;True
3812;False
5660;True
4919;True
3801;True
1060;False
6209;True
718;False
3657;False
4948;True
2706;False
1745;True
4839;False
5959;False
4786;True
5235;False
5599;True
3665;True
4385;True
4371;False
3795;False
5217;False
2797;True
524;False
6260;False
1840;True
613;False
1169;True
79;True
3802;False
5468;True
13;False
5359;False
6755;True
5339;True
140;True
4929;False
4494;False
2393;False
4514;False
3392;True
1302;False
1630;True
2394;True
1253;False
4112;True
6016;False
6120;True
6588;True
5881;False
610;True
3102;False
5736;False
2740;False
4313;False
4176;False
6111;True
975;False
182;False
