brand;country_id
xerjoff;1
jean-paul-gaultier;2
bruno-banani;3
ralph-lauren;4
we-pink;5
vivamor-parfums;2
brocard;6
bybozo;2
sospiro-perfumes;1
trump;4
rook-perfumes;7
o-boticario;5
clean;4
michael-malul-london;4
filippo-sorcinelli;1
navitus-parfums;8
franck-boclet;2
ricardo-ramos-perfumes-de-autor;9
faberlic;6
in-the-box;5
carolina-herrera;4
bohoboco;10
dzintars;11
aaron-terence-hughes;7
guerlain;2
il-profvmo;1
diesel;1
house-of-sillage;4
zoologist-perfumes;12
bi-es;10
pokrovka-trading-house;6
paco-rabanne;9
dior;2
dilis-parfum;13
laura-biagiotti;1
molinard;2
miguel-matos;14
avon;4
mandarina-duck;1
alexandre-j;2
disney;4
fragrance-du-bois;2
caron;2
haute-fragrance-company-hfc;2
frederic-malle;2
karl-lagerfeld;2
arabesque-perfumes;8
hermes;2
the-dua-brand;4
j-scent;15
oriflame;16
abercrombie-fitch;4
aftelier;4
ellis-brooklyn;4
alyssa-ashley;4
boadicea-the-victorious;7
ds-durga;4
jo-malone-london;7
anna-sui;4
rogue-perfumery;4
comptoir-sud-pacifique;2
paris-elysees;17
jequiti;5
ellen-tracy;4
cb-i-hate-perfume;4
attar-collection;8
lattafa-perfumes;8
zarkoperfume;18
fcuk;7
al-haramain-perfumes;8
tom-ford;4
charriol;19
parfums-genty;6
jousset-parfums;2
mexx;20
hilde-soliani;1
naomi-campbell;4
teo-cabanel;2
sergio-tacchini;1
lulu-castagnette;2
les-liquides-imaginaires;2
salvador-dali;9
tiziana-terenzi;1
calaj;21
boy-smells;4
lanvin;2
electimuss;7
antonio-maretti;1
commodity;4
kenzo;2
borntostandout;22
l-erbolario;1
creed;2
wilgermain;9
acqua-di-stresa;1
pinrose;4
max-philip;2
lubin;2
ulric-de-varens;2
rammstein;3
juliette-has-a-gun;2
khaikin;6
puma;3
ladanika;6
euphorium-brooklyn;4
el-nabil;2
prada;1
adolfo-dominguez;9
gisada;19
mercedes-benz;3
thera-cosmeticos;5
spirit-of-kings;7
eva-longoria;4
bortnikoff;23
ted-baker;7
nafnaf;2
armand-basi;9
lotus;24
jean-charles-brosseau;2
yardley;7
solstice-scents;4
police;1
replay;1
morph;1
les-parfums-de-rosine;2
salvatore-ferragamo;1
yves-saint-laurent;2
zara;9
absolument-parfumeur;2
kkw-fragrance;4
parfums-vintage;7
zimaya;8
paolo-gigli;1
shay-blue-london;7
calvin-klein;4
acqua-di-parma;1
maison-francis-kurkdjian;2
montale;2
natura;5
axe;18
baruti;20
czech-speake;25
ajmal;8
jeanne-arthes;2
paris-hilton;4
haught-parfums;4
al-rehab;26
lolita-lempicka;2
mustang;4
pupa;1
adidas;4
atelier-cologne;4
cafe-parfums;2
arcadia;8
laurent-mazzone-parfums;2
patrice-martin;2
tonatto-profumi;1
betty-barclay;3
amway;4
gritti;1
trussardi;1
vilhelm-parfumerie;4
bill-blass;4
contradictions-in-ilk;7
dana;4
maissa-parfums;27
thomas-kosmala;2
m-int;1
jovoy-paris;2
chopard;19
id-parfums;2
emanuel-ungaro;2
maison-martin-margiela;2
liu-jo;1
nest;4
coquillete;1
jacques-fath;2
reminiscence;2
fueguia-1833;28
cosmogony;6
bottega-verde;1
elizabeth-arden;4
givenchy;2
daniel-barros;5
benetton;1
bourjois;2
jafra;4
verset-parfums;7
tsvga-parfums;4
skylar;4
la-rive;10
hugo-boss;3
nina-ricci;2
desigual;9
chris-collins;4
laboratorio-olfattivo;1
paul-smith;7
women-secret;9
vera-wang;4
sarantis;29
lr;3
floral-street;7
bdk-parfums;2
tiffany;4
coty;4
antonio-banderas;4
gianmarco-venturi;1
maitre-parfumeur-et-gantier;2
maria-candida-gentile;1
revlon;4
angel-schlesser;9
iceberg;1
brut-parfums-prestige;2
armaf;8
moschino;1
histoires-de-parfums;2
cuba-paris;2
lpdo;1
giorgio-beverly-hills;4
by-kilian;2
byredo;16
giardini-di-toscana;1
a13;21
narciso-rodriguez;4
michael-kors;4
harajuku-lovers;4
mcmc-fragrances;4
nike;9
juicy-couture;4
l-artisan-parfumeur;2
loewe;9
parfums-de-marly;2
yves-rocher;2
custo-barcelona;9
korloff-paris;2
perry-ellis;4
jo-loves;7
nishane;13
tommy-hilfiger;4
chabaud-maison-de-parfum;2
courreges;2
linn-young;20
liz-claiborne;4
masaki-matsushima;15
s-oliver;3
illuminum;7
heretic-parfums;4
fugazzi;20
etro;1
bond-no-9;4
acorelle;2
usher;4
arno-sorel;2
aromas-de-salazar;4
betty-boop;4
bronnley;7
gilles-cantuel;2
guess;4
house-of-matriarch;4
jacques-zolty;2
the-house-of-oud;1
mizensir;19
lomani;2
eau-d-italie;1
amouage;30
issey-miyake;15
kayali-fragrances;8
lancome;2
ivanka-trump;4
lacoste-fragrances;2
beyonce;4
olfactive-studio;2
galimard;2
esprit;3
dries-van-noten;31
bois-1920;1
davidoff;19
viktor-rolf;20
shiseido;15
air-val-international;9
antonio-visconti;1
beso-beach-perfumes;9
christian-provenzano-parfums;2
franck-olivier;2
hanae-mori;2
perfumer-s-workshop;7
mark-buxton;2
giardino-benessere;1
eon-productions;7
divage;6
beverly-hills-polo-club;4
coach;4
theodoros-kalotinis;29
adi-ale-van;21
gallivant;7
luciano-soprani;1
marks-spencer;7
new-brand-parfums;4
mind-games;4
manos-gerakinis;29
henry-rose;4
emper;8
dedcool;4
bijan;4
astrophil-stella;1
diptyque;2
mugler;2
roja-dove;7
arabian-oud;26
biehl-parfumkunstwerke;3
donna-karan;4
orientica;8
jorum-studio;7
jacomo;2
esteban;2
david-beckham;7
blumarine;1
escada;3
m-micallef;2
rasasi;8
roberto-cavalli;1
swiss-arabian;8
amyi;5
jennifer-lopez;4
adopt-parfums;2
aquolina;1
jacques-bogart;2
sergio-nero;6
joop;3
elizabeth-taylor;4
dolce-gabbana;1
hollister;4
banana-republic;4
chevignon;2
alysonoldoini;1
fzotic;4
john-varvatos;4
pierre-guillaume-paris;2
the-body-shop;7
parfums-berdoues;2
michael-michalsky;4
mauboussin;2
herve-gambs-paris;2
halloween;9
esse-strikes-the-notes;1
ella-k-parfums;2
elie-saab;2
azzaro;2
phytoderm;2
vince-camuto;4
argos;4
baldessarini;3
cale-fragranze-d-autore;1
arabian-wind;8
emilio-pucci;1
fiilit;2
le-monde-gourmand;4
milton-lloyd;7
the-different-company;2
the-7-virtues;12
pull-bear;9
kenneth-cole;4
gale-hayman;4
dame-perfumery;4
chris-adams;2
gucci;1
mancera;2
mango;9
toni-gard;3
agent-provocateur;7
arteolfatto;1
castelbajac;2
celine-dion;4
agatha-ruiz-de-la-prada;9
f1-parfums;2
perris-monte-carlo;2
ghost;7
furla;1
floraiku;2
byron-parfums;2
giorgio-armani;1
marc-jacobs;4
future-society;4
les-eaux-primordiales;2
nabeel;8
princesse-marina-de-bourbon;2
tauer-perfumes;19
gap;4
fiorucci;1
bvlgari;1
estee-lauder;2
swarovski;4
granado;5
carven;2
laurence-dumont;2
mac;4
olympic-orchids-artisan-perfumes;4
tory-burch;4
oscar-de-la-renta;4
mahogany;5
la-perla;1
frapin;2
christina-aguilera;4
christian-louboutin;2
afnan;8
playboy;4
arrogance;1
aura-of-kazakhstan;32
faconnable;2
gallagher-fragrances;4
sarah-horowitz-parfums;4
parfum-d-empire;2
orlov-paris;2
mary-kay;4
brecourt;2
bogue;1
ex-nihilo;2
kate-spade;4
evaflor;2
holynose-parfums;6
la-maison-de-la-vanille;2
myrurgia;9
omnia-profumi;1
oriza-l-legrand;2
phlur;4
miller-harris;7
v-canto;1
rue21;4
cacharel;2
lalique;2
memo-paris;2
vertus;2
pascal-morabito;2
tom-tailor;3
philosophy;4
gianfranco-ferre;1
carner-barcelona;9
blood-concept;1
cartier;2
penhaligon-s;7
versace;1
coreterno;1
clinique;4
ferrari;1
angela-ciampagna;1
jaguar;7
junaid-perfumes;33
mine-perfume-lab;1
nobile-1942;1
swedoft;16
michel-germain;12
memoize-london;7
bath-body-works;4
chanel;2
chloe;2
guy-laroche;2
atkinsons;7
boucheron;2
eight-bob;2
gres;2
tonino-lamborghini;1
victorinox-swiss-army;19
ted-lapidus;2
halston;4
eudora;5
el-ganso;9
eisenberg;2
agonist;16
zadig-voltaire;2
abel;20
bjork-and-berries;16
candie-s;4
dsquared2;1
jul-et-mad-paris;2
lonkoom-parfum;34
robert-piguet;2
xyrena;4
ramon-monegal;9
masque-milano;1
louis-feraud;2
gandini-1896;1
city;6
fendi;1
zaharoff;4
alt-fragrances;4
wild-drops-parfums;6
s-t-dupont;2
moresque;1
crabtree-evelyn;4
burberry;7
comme-des-garcons;2
roberto-verino;9
rochas;2
kensie;12
sarah-jessica-parker;4
animale;35
april-aromatics;3
floris;7
monotheme-venezia;1
samy-andraus-fragrances;4
tufi-duek;5
renier-perfumes;25
phebo;5
panouge;2
majouri;2
badgley-mischka;4
jimmy-choo;7
montblanc;2
serge-lutens;2
morgan;2
blend-oud;1
mr-waldron;9
tesori-d-oriente;1
akro;2
antonio-alessandria;1
bugatti-fashion;3
hermetica;2
lorenzo-villoresi;1
tocca;4
solinotes;2
kerosene;4
gabriela-sabatini;28
biotherm;2
atelier-des-ors;2
cerruti;1
aramis;4
daniel-hechter;2
dede-arte-profumata;1
jardins-d-ecrivains;2
massimo-dutti;9
francesca-dell-oro;1
flavia;8
emmanuel-levain;19
contes-de-parfums;9
ciclo-cosmeticos;5
celine;2
caline;3
body-fantasies;4
paris-corner;8
pacha-ibiza;9
nautica;4
bebe;4
care;3
acqua-di-genova;1
anomalia-paris;2
libertin-louison-technique-indiscrete;2
stella-mccartney;7
santa-maria-novella;1
min-new-york;4
la-martina;28
christian-lacroix;2
au-pays-de-la-fleur-d-oranger;2
goldfield-banks-australia;36
stephane-humbert-lucas-777;2
nine-west;4
cra-yon;16
abaton;1
acca-kappa;1
edgardio-chilini;6
jeanne-en-provence;2
just-jack;7
kyse-perfumes;4
molyneux;2
essence;3
marc-antoine-barrois;2
shakira;4
krizia;1
rosendo-mateu-olfactive-expressions;9
by-rosie-jane;4
aesop;36
keiko-mecheri;4
nicolai-parfumeur-createur;2
pierre-balmain;2
maurer-wirtz;3
pacoma;2
giorgio-valenti;2
evody-parfums;2
enrico-coveri;1
bait-al-bakhoor;8
axis;2
a-dozen-roses;4
tommy-bahama;4
sisley;2
d-orsay;2
alexandria-fragrances;4
alfred-dunhill;7
amouroud;4
eyuep-sabri-tuncer;13
farmacia-ss-annunziata;1
jardin-de-france;2
nuancielo;5
marc-de-la-morandiere;2
jesus-del-pozo;9
divine;2
dina-cosmetics;2
okki;6
valentino;1
van-cleef-arpels;2
tous;9
christian-audigier;4
anatole-lebreton;2
yohji-yamamoto;15
byblos;1
etat-libre-d-orange;2
bon-parfumeur;2
altaia;1
weil;2
simone-andreoli;1
remy-latour;2
giardino-dei-sensi;1
collistar;1
botanicae;9
britney-spears;4
lesquendieu;2
baldinini;1
annayake;15
fresh;4
goutal;2
clive-christian;7
atelier-segall-barutti;5
osmogenes-perfumes;6
ariana-grande;4
burdin;2
atelier-materi;2
beaufort-london;7
montana;2
phaedon;2
mark;4
jean-patou;2
borsalino;1
escentric-molecules;3
lush;7
stephanie-de-bruijn-parfum-sur-mesure;2
acqua-di-portofino;1
alghabra-parfums;13
aqualis;7
benefit;4
calypso-christiane-celle;4
caswell-massey;4
andrea-maack;37
l-occitane-en-provence;2
pecksniff-s;7
the-woods-collection;2
harvey-prince;4
marbert;3
sapil;8
sapientiae-niche;5
roads;38
profumi-del-forte;1
fragonard;2
divina-terra;6
christine-darvin;2
a-lab-on-fire;4
elode;2
providence-perfume-co;4
roccobarocco;1
jovan;4
calgon;4
le-labo;4
maison-crivelli;2
ormonde-jayne;7
cloon-keen-atelier;38
alfred-sung;12
de-gabor;2
dossier;4
epico;39
gloria-vanderbilt;4
molton-brown;7
welton-london;7
the-fragrance-kitchen;40
marc-joseph;2
james-heeley;2
dorin;2
marc-ecko;4
mimmina;1
selena-gomez;4
slava-zaitsev;6
the-gate-fragrances-paris;2
chaugan;2
houbigant;2
junaid-jamshed;41
ermenegildo-zegna;1
en-voyage-perfumes;4
day-three;4
maison-alhambra;8
victoria-s-secret;4
marvel;4
almah-parfums-1948;9
chupa-chups;9
incarna-parfums;6
koto-parfums;2
l-t-piver;2
prince-matchabelli;4
parfum-satori;15
francesca-bianchi;20
charrier-parfums;2
demeter-fragrance;4
alain-delon;2
sonia-rykiel;2
esika;42
caudalie;2
marilyn-miglin;4
arte-profumi;1
angelo-caroli;1
ard-al-zaafaran;8
korres;29
le-couvent-maison-de-parfum;2
roger-gallet;2
the-merchant-of-venice;1
pacifica;4
nimere-parfums;6
laura-mercier;2
ella-mikao;15
detaille;2
denim;1
gendarme;4
royal-crown;1
mendittorosa;1
eutopie;2
enrique-iglesias;4
o-driu;1
rituals;20
anka-kus-parfuem;13
george-gina-lucy;3
guy-fox;4
neil-morris;4
quem-disse-berenice;5
the-spirit-of-dubai;8
nejma;2
thameen;7
snif;4
companhia-da-terra;5
blackbird;4
american-eagle;4
louis-vuitton;2
adrienne-vittadini;1
aeropostale;4
arquiste;4
roos-roos;20
happyland;4
atelier-d-artistes-by-alexandre-j;2
ocean-pacific;4
jardin-boheme;2
bottega-veneta;1
nikos;3
areej-le-dore;6
costume-national;1
h-m;16
widian;8
rance-1795;2
parfums-de-coeur;4
le-galion;2
khalis;8
agatha-paris;2
pandora;6
lancaster;43
killer-oud;8
frassai;28
balenciaga;9
instituto-espanol;9
parfums-sophiste;2
al-wataniah;8
carol-s-daughter;4
hunca;13
gai-mattiolo;1
superz;44
anfasic-dokhoon;8
jivago;4
l-occitane-au-bresil;5
parfums-et-senteurs-du-pays-basque;2
one-day;45
laverne;26
eric-buterbaugh-florals;4
essential-parfums;2
asgharali;46
exuma-parfums;10
antonio-puig;9
regime-des-fleurs;4
sultan-pasha-attars;7
tokyo-milk-parfumerie-curiosite;4
sonoma-scent-studio;4
mazzolari;1
mad-et-len;2
lancetti;1
attar-al-has;13
nicki-minaj;4
moncler;1
terry-de-gunzburg;2
aether;2
maori-collection;6
english-laundry;7
david-yurman;4
sol-de-janeiro;4
don-algodon;9
helena-rubinstein;4
pierre-cardin;2
azman;8
hinode;5
yves-de-sistelle;2
regalien;13
ojar;30
oakcha;4
fort-manle;4
biosea;2
atelier-oblique;3
rania-j;2
victorio-lucchino;9
cremo;4
l-acqua-di-fiori;1
les-senteurs-gourmandes;2
e-coudray;2
atelier-flou;2
hayari-parfums;2
bentley;7
agatho-parfum;1
kajal;8
everlast;4
diana-vreeland;4
aqaba;4
dsh-perfumes;4
hiram-green;20
i-profumi-di-firenze;1
karen-low;2
bissoumine;2
carthusia;1
parfums-137;2
amberfig;5
alkemia-perfumes;4
giovanna-baby;5
springfield;9
helan;1
ciel-parfum;6
queen-b;8
gravel;4
anfas;8
fragrance-world;8
jardin-de-parfums;1
parfums-constantine;6
les-fleurs-du-golfe;2
erbario-toscano;1
paul-joe;2
joya;4
maracuja-brasil;5
ys-uzac;19
the-master-perfumer;20
so;7
sage-machado;4
miya-shinma;15
lili-bermuda;47
bruno-acampora;1
parfum-de-azalea;4
alessandro-dell-acqua;1
sandro;2
mona-di-orio;20
jacques-battini;10
gosh;18
erik-kormann;3
eau-jeune;2
davene;5
lorenzo-pazzaglia;1
uermi;1
comporta-perfumes;14
otto-kern;3
initio-parfums-prives;2
nasomatto;20
asdaaf;8
hilary-duff;4
acqua-dell-elba;1
aedes-de-venustas;4
apivita;29
alviero-martini;1
mdci-parfums;2
mpf;8
orto-parisi;20
zielinski-rozen;48
blancheide;1
house-of-bo;2
fred-hayman;4
confessions-of-a-rebel;4
tita-rossi;2
perfumologist;17
miro;3
clarins;2
alta-moda;8
lucy-b;4
and-other-stories;16
mith;23
g-parfums;49
battistoni;1
alexander-mcqueen;7
mirko-buffini-firenze;1
roberto-capucci;1
ines-de-la-fressange;2
conde-parfum;5
bastide-aix-en-provence;2
stradivarius;9
santi-burgas;9
habibi-ny;4
a-n-other;4
x-ray;4
the-art-of-shaving;4
faberge;4
grossmith;7
sinfonia-di-note;1
louis-varel;2
elle;2
miss-kay;4
di-ser;15
paloma-picasso;2
profumum-roma;1
fossil;4
renee;36
six-scents;4
abdul-samad-al-qurashi;26
automobili-lamborghini;1
chatillon-lux-parfums;4
avatim;5
les-nereides;2
sigilli;1
tezenis;1
brooks-brothers;4
dr-vranjes-firenze;1
ffern;7
scorpio;2
eauso-vert;4
lumene;50
accessorize;7
annette-neuffer;3
daniel-josier;9
florascent;3
good-chemistry;4
nilafar-du-nil;51
reyane-tradition;8
scentbar;1
m-asam;3
atelier-rebul;13
prin;23
chantecaille;4
al-ambra;8
smell-bent;4
reine-de-saba;2
nature-s;1
dixit-zak;2
contem-1g;5
la-folie-a-plusieurs;2
compagnia-delle-indie;1
geo-f-trumper;7
b-never-too-busy-to-be-beautiful;7
kalina;6
acqua-di-sardegna;1
bz-parfums;49
claus-porto;14
affinessence;2
orientica-premium;8
sabe-masson;2
aubusson;2
oros;2
germaine-monteil;4
fruits-passion;12
tartine-et-chocolat;2
ana-hickmann;5
cerchi-nell-acqua;1
henry-jacques;2
monsillage;12
abdul-karim-al-faransi;7
emirates-pride-perfumes;8
bienaime;2
aqua-dos-acores-atlantic-ocean;14
bharara;4
johan-b;2
cindy-c;2
ensar-oud;4
cirque-du-soleil;12
angelos-creations-olfactives;29
opus-oils;4
bogner;3
birkholz;3
athena-fragrances;51
amira-parfums;1
carlo-corinto;2
estiara;8
soivohle;4
eclectic-collections;4
testament-london;7
solange-azagury-partridge;7
auphorie;52
c-o-bigelow;4
arabiyat;8
jill-stuart;4
ava-luxe;4
omerta;20
hormone-paris;2
odoratika;6
alvarez-gomez;9
ahmed-al-maghribi;8
nabucco;2
les-indemodables;2
amjad;8
kuumba-made;4
viking;5
fenjal;19
scents-of-wood;2
daisy-fuentes;4
borsari;1
cigar;2
vakko;13
florame;2
arabesque;8
giorgio-monti;2
fragrenza;1
tru-fragrances;4
alustre;18
bruno-perrucci-parfums;1
ga-de;48
d-r-harris;7
salas;8
lelas;13
binet-papillon;2
essence-de-roumanie;21
perfumer-h;7
proad;23
blue-scents;29
bella-aura;12
al-jazeera-perfumes;53
luxodor;8
kookai;2
castle-forbes;7
graham-pott;7
yas-perfumes;8
oud-elite;26
dumont;8
chaz-dean;4
godet;2
chlorophylla;5
anna-zworykina-perfumes;6
al-aneeq;7
ne-emah-for-fragrance-oudh;40
thipos;5
elysees-fashion;2
gemina-b;2
corday;2
bella-bellissima;7
toni-cabal;9
jean-d-albret;2
sabon;4
gerini;2
nemat-international;4
haeckels;7
evocative-perfumes;36
lux-e-terra;4
essnce;16
impulse;7
eminence-parfums;1
les-parfums-du-soleil;54
giesso;28
elixir-attar;4
sephora;2
claude-marsal-parfums;4
darkbeat-parfums;9
parfumerie-bruckner;3
